date,temperature,vibration,pressure
1/2/2010,23.4176871,0.098815905,9.58126537
1/3/2010,26.51692267,0.073549406,9.659135435
1/4/2010,26.03625636,0.084179141,10.26479529
1/5/2010,23.81926662,0.039530447,9.684775206
1/6/2010,25.84667632,0.015249654,9.589630851
1/7/2010,24.06921973,0.041042358,10.63903549
1/8/2010,24.7784814,0.035701293,9.897802617
1/9/2010,23.88396158,0.071782122,10.27891487
1/10/2010,29.23704947,0.021095758,10.2492538
1/11/2010,25.3288725,0.030307184,9.719796211
1/12/2010,25.96931754,0.041153332,9.051065555
1/13/2010,25.64513571,0.071485344,11.22593699
1/14/2010,24.23118297,0.047689651,10.15774606
1/15/2010,28.14371249,0.041670852,9.247862236
1/16/2010,23.93896782,0.059996432,9.99703806
1/17/2010,28.1087028,0.051593974,10.36214952
1/18/2010,22.24630275,0.04090588,9.822059707
1/19/2010,23.2406916,0.045699615,10.21749299
1/20/2010,23.7542654,0.035560952,9.023273019
1/21/2010,25.81396788,0.04291626,10.92041366
1/22/2010,26.27151288,0.037587114,10.2209385
1/23/2010,23.11559174,0.032184997,9.972187729
1/26/2010,25.14144507,0.066263227,10.54817942
1/27/2010,21.45471052,0.014481403,10.49398735
1/28/2010,25.97527319,0.0936268,10.04306263
1/29/2010,19.88176335,0.054375424,10.73583597
1/30/2010,24.8522501,0.048777426,10.00818399
1/31/2010,26.48214384,0.094273649,9.62080315
2/1/2010,25.96251554,0.009648403,10.26663944
2/2/2010,26.01830627,0.065278574,10.08577376
2/3/2010,24.5504503,0.065533794,9.690484812
2/4/2010,25.60729166,0.036688104,10.05950544
2/5/2010,26.43988789,0.070476562,10.33806642
2/6/2010,22.84768015,0.062300658,9.785406699
2/7/2010,26.12098209,0.064044807,9.531777463
2/8/2010,29.9581562,0.026197911,9.48069513
2/9/2010,27.21738899,0.068120259,10.08552515
2/10/2010,25.30607902,0.078264542,10.21623944
2/11/2010,21.77574116,0.045790991,10.81076023
2/12/2010,27.10213055,0.08256998,9.687398978
2/13/2010,24.8254583,0.03967942,10.16292427
2/14/2010,27.28095196,0.045681049,10.29770041
2/15/2010,27.65352414,0.073630387,10.83553963
2/16/2010,26.20050089,0.07641251,9.730707814
2/17/2010,25.04908797,0.074803906,9.678170441
2/18/2010,29.12059637,0.062486708,9.84224006
2/19/2010,21.60786418,0.005743885,9.862863665
2/20/2010,26.31200075,0.077340302,10.06629491
2/21/2010,26.84666466,0.018921527,9.410957258
2/22/2010,24.60658209,0.042716957,9.515961885
2/23/2010,27.69053567,0.032454765,10.16635063
2/24/2010,24.74968338,0.047042695,9.776690225
2/25/2010,25.91233328,0.061648728,10.45133416
2/26/2010,23.2586484,0.043833182,10.2273566
2/27/2010,23.38444405,0.049171949,10.25576079
2/28/2010,25.07044754,0.060848612,9.883261276
3/1/2010,25.2362036,0.044413113,9.456990389
3/2/2010,24.5798546,0.020375863,9.901196786
3/3/2010,22.84490516,0.062131031,9.097972236
3/4/2010,27.01027182,0.078146669,10.12524168
3/5/2010,26.02908411,0.058555984,9.613957498
3/6/2010,22.89907651,0.011785181,10.60595558
3/7/2010,22.47336859,0.060100497,9.794681764
3/8/2010,24.35738166,0.062513949,9.649667692
3/9/2010,23.38924776,0.073739488,9.222507246
3/10/2010,25.8928513,0.040511692,10.49004011
3/11/2010,26.46647298,0.010358861,10.28444845
3/12/2010,25.84953482,0.066878446,10.65661856
3/13/2010,25.49663876,0.030786837,10.27706024
3/14/2010,25.2612267,0.027729309,9.679884715
3/15/2010,23.19219216,0.028635358,10.74503587
3/16/2010,25.39540853,0.089605466,10.2851035
3/17/2010,25.73482455,0.047319947,10.92615013
3/18/2010,25.72970061,0.032768283,9.997551737
3/19/2010,28.99056654,0.036088659,9.809816445
3/20/2010,27.61516917,0.080079526,10.13541221
3/21/2010,25.14983692,0.060599591,9.689222563
3/22/2010,22.60630751,0.05519362,9.331651909
3/23/2010,26.89484601,0.048662687,9.21031825
3/24/2010,26.61343221,0.052699902,9.094202351
3/25/2010,26.16600403,0.051979248,10.69836306
3/26/2010,20.89685252,0.069181113,10.20888252
3/27/2010,22.91232359,0.056552777,10.22064446
3/28/2010,26.71796991,0.036330727,9.87476958
3/29/2010,21.66222998,0.072978324,9.57723419
3/30/2010,27.62406343,0.058575698,10.20358244
3/31/2010,27.51497389,0.073890069,9.582059109
4/1/2010,24.77921744,0.047491689,10.2824801
4/2/2010,25.78544792,0.069016648,10.60252787
4/3/2010,24.70083585,0.044888338,10.42125257
4/4/2010,26.53952892,0.079750546,10.19323091
4/5/2010,29.18625948,0.031567234,9.870409682
4/6/2010,27.78468578,0.052599753,9.838909821
4/7/2010,25.57284842,0.022013528,9.35164733
4/8/2010,29.10490208,0.05754689,10.30607508
4/9/2010,26.60178875,0.022358564,9.403443105
4/10/2010,23.68423339,0.05607433,10.48646129
4/11/2010,25.0668989,0.047089632,10.92021535
4/12/2010,22.77634921,0.070450389,9.743746834
4/13/2010,22.84930018,0.069664706,10.22061721
4/14/2010,25.05369384,0.022327201,10.33076041
4/15/2010,24.48421435,0.028537225,10.66598521
4/16/2010,24.41864326,0.041161245,10.31042082
4/17/2010,24.18553976,0.050212724,9.963632286
4/18/2010,27.48627302,0.033175773,10.96180272
4/19/2010,22.76387767,0.056165049,10.17178666
4/20/2010,24.49024522,0.041716514,9.844964936
4/21/2010,27.33017735,0.041194576,9.969284958
4/22/2010,25.24532064,0.055255619,10.45055968
4/23/2010,22.14117036,0.060912603,9.357757836
4/24/2010,24.59264953,0.05674945,9.557070934
4/25/2010,20.8051574,0.047215532,9.757308738
4/26/2010,26.21117652,0.057288523,9.77901928
4/27/2010,26.27316268,0.078314418,10.53432265
4/28/2010,27.13485821,0.059746307,10.49863298
4/29/2010,23.72480405,0.055918674,10.41429442
4/30/2010,24.48504815,0.04713381,10.01300208
5/1/2010,24.53264168,0.060246162,9.81284434
5/2/2010,21.64603214,0.055735306,9.508800085
5/3/2010,30.44601615,0.03937362,9.956250863
5/4/2010,23.45258733,0.055356584,10.31575072
5/5/2010,24.508066,0.085135582,10.53185471
5/6/2010,21.79225174,0.042860785,9.573057296
5/7/2010,25.37388225,0.038123368,10.18009389
5/8/2010,29.74189579,0.083076107,9.826945089
5/9/2010,26.76856906,0.064135483,9.838817374
5/10/2010,21.88655034,0.032847625,10.74817197
5/11/2010,26.81328613,0.010190013,9.638408273
5/12/2010,25.52589326,0.043302423,9.233106347
5/13/2010,24.27064952,0.0252409,8.969233216
5/14/2010,23.56623849,0.023564045,10.12643461
5/15/2010,23.15775655,0.066173286,10.59909273
5/16/2010,25.90261859,0.050053768,10.54820177
5/17/2010,24.64595446,0.038661349,10.21052062
5/18/2010,30.54748012,0.049642047,10.64401166
5/19/2010,27.33445941,0.085619391,10.58638797
5/20/2010,21.42685859,0.085787707,10.07493799
5/21/2010,24.42124211,0.070315388,9.338101726
5/22/2010,24.62680275,0.043879718,9.49047145
5/23/2010,24.01443679,0.021008684,10.35232205
5/24/2010,29.02873025,0.03569391,10.31604138
5/25/2010,23.04398332,0.084089866,9.794979224
5/26/2010,26.32109608,0.065007308,10.72379144
5/27/2010,23.7817365,0.068317823,9.946816574
5/28/2010,21.66705469,0.017917152,9.939983191
5/29/2010,25.93593106,0.020311083,9.924567098
5/30/2010,26.14644217,0.060736014,9.928193103
5/31/2010,22.26943051,0.037486982,10.51228154
6/1/2010,27.06369444,0.054223237,9.84250051
6/2/2010,27.78030375,0.034549314,9.85706318
6/3/2010,22.62321314,0.051653805,10.00559351
6/4/2010,26.42663974,0.096895302,10.1501632
6/7/2010,26.01492022,0.074612932,9.475653472
6/8/2010,24.41535321,0.022211338,9.0678969
6/9/2010,23.78867436,0.032243272,9.661229334
6/10/2010,22.28130666,0.060500634,10.3391089
6/11/2010,22.7232547,0.061751741,10.26107199
6/12/2010,23.15358367,0.029193655,10.24316887
6/13/2010,23.76702373,0.025146316,9.868638884
6/14/2010,22.35140731,0.048306738,10.20000912
6/15/2010,20.52331571,0.051700043,9.678531391
6/16/2010,27.72247112,0.04053705,10.41126212
6/17/2010,23.87312298,0.029091059,10.61082134
6/18/2010,24.96689129,0.060650225,10.25155052
6/19/2010,25.92131591,0.081029404,9.889766061
6/20/2010,27.55142996,0.031819507,9.923554227
6/21/2010,25.40951902,0.02814735,9.846751026
6/22/2010,27.05189329,0.020389744,11.09281974
6/23/2010,27.0718983,0.044977179,9.696307926
6/24/2010,30.03992847,0.060509716,11.04516228
6/25/2010,25.52898454,0.062144337,10.50382747
6/26/2010,21.97574596,0.054141005,10.95006908
6/27/2010,26.02759542,0.078648637,9.933546818
6/28/2010,27.35845937,0.064481468,10.59999029
6/29/2010,24.8001433,0.043142659,10.71386201
6/30/2010,21.10124411,0.052021208,9.606277681
7/1/2010,25.46746401,0.049801557,9.464761572
7/2/2010,26.21297896,0.014810467,10.38418702
7/3/2010,27.02939134,0.021401477,9.749723911
7/4/2010,25.48662494,0.040456917,10.21788272
7/5/2010,28.94094466,0.036872991,10.27346454
7/6/2010,22.63979408,0.032794445,9.688643164
7/7/2010,26.16184,0.041436992,9.869115446
7/8/2010,24.22475585,0.043410587,9.944081211
7/9/2010,22.15650116,0.067501137,9.652160268
7/10/2010,26.29676039,0.025615291,10.91859794
7/11/2010,27.03642281,0.033826001,9.439633298
7/12/2010,22.59385862,0.014774131,9.72483544
7/13/2010,28.9727193,0.043526536,10.17368985
7/14/2010,25.07055043,0.045142544,9.690935557
7/15/2010,24.90477612,0.080981596,10.1442825
7/16/2010,26.74288126,0.060120198,9.958591608
7/17/2010,27.47874385,0.061839235,10.77144547
7/18/2010,22.86153046,0.046829443,10.25807902
7/19/2010,27.15894505,0.04859856,10.15913282
7/20/2010,27.45558156,0.050331389,10.11379882
7/21/2010,29.0217178,0.042745263,9.690486907
7/22/2010,26.88070048,0.094817121,10.29756817
7/23/2010,25.70839346,0.050399721,11.22518303
7/24/2010,21.83055,0.057703173,8.954349635
7/25/2010,24.58583225,0.073433048,11.06969239
7/26/2010,26.88391865,0.064394391,10.13926187
7/27/2010,26.04225408,0.05810544,10.04982009
7/28/2010,26.48275359,0.066238523,9.739297936
7/29/2010,27.2230509,0.052573977,9.846439669
7/30/2010,21.03557232,0.058731458,9.727450892
7/31/2010,22.88963792,0.021613671,10.43101005
8/1/2010,23.89022692,0.054691254,9.216790101
8/2/2010,26.75677056,0.043443194,10.02014892
8/3/2010,24.36815218,0.054275152,9.819097044
8/4/2010,26.48324809,0.059788134,10.45361902
8/5/2010,25.27097038,0.036939128,10.43507029
8/6/2010,24.75091886,0.068103146,9.773206455
8/7/2010,25.72047654,0.026171108,9.27459535
8/8/2010,24.6612735,0.037334205,10.40907376
8/9/2010,23.29883456,0.074589015,10.56846636
8/10/2010,26.42203722,0.053106507,9.316341323
8/11/2010,27.59005425,0.070838868,9.703749242
8/12/2010,25.64643034,0.063058021,10.05803064
8/13/2010,24.04542461,0.039239377,10.80348568
8/16/2010,24.71207049,0.03813556,10.61574042
8/17/2010,26.09593118,0.081355355,10.57666964
8/18/2010,27.5872143,0.035346077,10.35877377
8/19/2010,26.61427089,0.054052047,11.23312535
8/20/2010,24.59823056,0.092590899,10.01007296
8/21/2010,27.74008985,0.085624564,9.459815577
8/22/2010,26.8694694,0.057115889,9.542571063
8/23/2010,23.4113053,0.065477346,10.4547119
8/24/2010,28.08920681,0.053197686,9.697074276
8/25/2010,25.45885873,0.089553829,9.770408808
8/26/2010,19.7763781,0.054043359,9.691429074
8/27/2010,23.45437754,0.044731094,9.486661699
8/28/2010,24.20679269,0.037483291,9.589904621
8/29/2010,23.76403828,0.040952158,10.15142886
8/30/2010,25.08108283,0.016042812,10.08929007
8/31/2010,26.01241882,0.033346486,9.662927046
9/1/2010,23.70527722,0.010485957,10.05264164
9/2/2010,27.10370016,0.062551395,9.000869176
9/3/2010,25.42359547,0.026064016,11.09620041
9/4/2010,23.06368228,0.069101083,9.739686814
9/5/2010,25.06304474,0.054216009,9.879214893
9/6/2010,23.5233109,0.028056768,9.225935523
9/7/2010,24.55094738,0.044026473,9.912750769
9/8/2010,24.0346307,0.072265947,10.18646106
9/9/2010,26.46758206,0.060263617,10.58804938
9/10/2010,24.48974457,0.03679616,10.28438808
9/11/2010,21.07200925,0.018096797,10.38885922
9/12/2010,24.48396335,0.023378704,9.826507194
9/13/2010,25.76303788,0.042601941,8.980369492
9/14/2010,27.05694813,0.042937581,9.996149966
9/15/2010,25.7265894,0.025680857,9.910881119
9/16/2010,25.09618978,0.03488819,10.45626937
9/17/2010,26.35478387,-0.011621921,10.18111731
9/18/2010,26.50967572,0.063058899,9.69566808
9/19/2010,25.26427843,0.042677374,10.15915538
9/20/2010,27.3869358,0.059103187,10.50768118
9/21/2010,23.10176581,0.045324428,9.862502805
9/27/2010,23.5547992,0.056800133,9.52366289
9/30/2010,24.73478745,0.059215816,10.1286538
10/1/2010,23.77888014,0.048008331,10.24918174
10/2/2010,25.76347364,0.06829628,10.31777097
10/3/2010,25.04910703,0.084065519,9.546636862
10/4/2010,21.62547794,0.017046774,9.951216789
10/5/2010,25.42826425,0.045265252,10.64763693
10/6/2010,24.1444638,0.067996939,9.520044613
10/7/2010,23.95666735,0.04178298,9.508794381
10/8/2010,24.90722251,0.055691231,9.209434199
10/9/2010,23.58624412,0.003412724,9.798819974
10/10/2010,21.09355975,0.051380917,10.80209875
10/11/2010,28.69254939,0.056983468,10.56467077
10/12/2010,23.65332112,0.073702266,9.909970152
10/13/2010,25.87382638,0.076678864,11.28910392
10/14/2010,21.14996249,0.056777325,10.55696981
10/15/2010,27.04675636,0.016856005,9.850364209
10/16/2010,24.6974872,0.054471961,9.778794749
10/17/2010,26.69854055,0.044451136,10.08821213
10/18/2010,27.85259127,0.067214499,10.19874343
10/19/2010,23.01169459,0.077351265,10.52457567
10/20/2010,27.11141483,0.056105837,8.93424751
10/21/2010,25.14851988,0.031149771,9.039126901
10/22/2010,26.80469408,0.067319862,10.42313479
10/23/2010,23.66715097,0.063069575,9.193540615
10/24/2010,25.94406098,0.047297941,9.206734128
10/25/2010,27.55481042,0.042656394,10.26876446
10/26/2010,25.3622905,0.043296231,9.898036459
10/27/2010,22.66933929,0.049778097,10.27800794
10/28/2010,22.1978582,0.071388345,10.17692173
10/29/2010,25.24884113,0.042418128,10.15067799
10/30/2010,23.59475876,0.073027843,9.882938299
10/31/2010,26.53035774,0.040210385,9.534788648
11/1/2010,28.0834464,0.051795399,9.530500101
11/3/2010,21.49024652,0.049143619,9.891335742
11/4/2010,30.21321173,0.012421631,9.611103498
11/5/2010,28.06872916,0.050008259,9.288333354
11/6/2010,20.93237117,0.047310194,10.65399931
11/7/2010,21.94382778,0.075786321,9.587515169
11/8/2010,23.13839834,0.014435231,10.1312812
11/9/2010,25.61981758,0.045644325,10.39146921
11/10/2010,25.14423571,0.046482616,9.818308332
11/11/2010,24.7510068,0.043177875,9.518809347
11/12/2010,22.94369801,0.054720188,9.602612124
11/13/2010,23.55155812,0.086459876,10.00510266
11/14/2010,24.10065314,0.042687119,10.17605938
11/15/2010,23.5911007,0.012102045,10.34912016
11/16/2010,24.56443637,0.05258735,10.17034126
11/17/2010,24.76041721,0.070162876,11.07573924
11/18/2010,30.86568646,0.04112448,9.626035781
11/19/2010,23.26020737,0.041258498,9.826298314
11/20/2010,24.77097433,0.028574813,10.5730236
11/21/2010,25.02957025,0.072630632,10.87111763
11/22/2010,26.74023915,0.055066029,9.449898296
11/23/2010,23.35470147,0.028752703,10.19778404
11/24/2010,26.93932466,0.049174455,10.30138535
11/25/2010,26.29322642,0.059772642,9.580412394
11/26/2010,26.74811672,0.064705661,9.639889179
11/27/2010,27.96798977,0.063531127,10.57953472
11/28/2010,27.31217883,0.039042171,10.72638313
11/29/2010,23.80647795,0.059822235,9.627001834
11/30/2010,23.16614113,0.052882367,9.788449346
12/1/2010,24.90541858,0.044400388,9.208629278
12/2/2010,23.42779861,0.039037752,10.4049148
12/3/2010,22.99632745,0.05547744,9.369386353
12/4/2010,25.41925246,0.045309075,9.882070317
12/5/2010,26.58449913,0.033796165,9.839712501
12/6/2010,27.05486948,0.031981563,9.87802393
12/7/2010,28.70390633,0.088328754,11.01604515
12/8/2010,29.26203033,0.03225529,10.18732236
12/9/2010,24.20505673,0.019504748,9.646448326
12/10/2010,25.13030784,0.071352325,9.399836651
12/11/2010,25.77726648,0.034066431,9.79895737
12/12/2010,26.13417798,0.029383019,10.17797162
12/13/2010,22.32741645,0.05500232,9.312362309
12/14/2010,21.61716149,0.067809669,9.914196284
12/15/2010,21.97029567,0.074507672,10.43942737
12/16/2010,26.63117679,0.027630318,9.846136384
12/17/2010,23.67185577,0.017258014,9.815369392
12/18/2010,24.74632382,0.066038517,10.28165713
12/19/2010,22.91504571,0.092657979,10.91593971
12/20/2010,25.02119996,0.047638945,10.1894723
12/21/2010,25.71511998,0.102646375,9.65866525
12/22/2010,22.71975023,0.069562299,9.871376285
12/23/2010,25.71842189,0.066477097,10.35962907
12/24/2010,24.00104272,0.006204376,10.45334994
12/25/2010,24.92666608,0.062455014,9.957273739
12/26/2010,25.29593523,0.043714066,10.80148201
12/27/2010,27.43550765,0.042404361,10.46328578
12/28/2010,23.35113084,0.063431423,10.87929956
12/29/2010,23.58219066,0.056822305,9.830752492
12/30/2010,23.717123,0.090865907,9.793238521
12/31/2010,28.92479603,0.056637182,9.383978297
1/2/2011,21.83366336,0.088911985,10.14179916
1/3/2011,22.57332392,0.045863715,9.404739555
1/4/2011,26.43598739,0.070855823,10.21090605
1/5/2011,23.33007441,0.017130267,10.02616657
1/6/2011,23.41495093,0.041239991,9.621782511
1/7/2011,24.37567399,0.038721853,10.16945952
1/8/2011,26.03342345,0.059999452,10.1456634
1/10/2011,22.63426691,0.048307751,10.49362016
1/11/2011,27.04270142,0.08647905,11.04885884
1/12/2011,22.73780281,0.017134501,9.472905578
1/13/2011,28.78970013,0.029027155,10.15491864
1/14/2011,22.72641379,0.065946377,10.36483729
1/15/2011,23.20303985,0.066374861,10.16818733
1/16/2011,24.10230099,0.068181489,8.672815422
1/17/2011,28.2708288,0.052342456,10.11616635
1/18/2011,24.26857816,0.085953954,9.752345469
1/19/2011,23.08033347,0.086444783,8.403194368
1/20/2011,27.93441083,0.034937108,10.45432823
1/21/2011,26.73209773,0.048948514,9.54068055
1/22/2011,25.64592435,0.052779992,9.240128172
1/23/2011,26.54305487,0.013942765,9.055191262
1/24/2011,25.12900199,0.067986585,10.19315284
1/25/2011,24.93827193,0.080461123,9.958337984
1/26/2011,24.55859096,0.025487721,10.11561272
1/27/2011,27.12885697,0.086775949,9.958365779
1/28/2011,22.78932234,0.023561376,9.805374131
1/29/2011,24.56480569,0.052351303,10.60923229
1/30/2011,23.05539159,0.033300919,10.02463876
1/31/2011,25.99085616,0.06678144,10.18422694
2/1/2011,22.29885887,0.040786657,9.360193378
2/2/2011,28.16546751,0.083060676,9.857830018
2/3/2011,26.17102868,0.056558048,9.044376988
2/4/2011,22.44250887,0.069874122,9.119278969
2/5/2011,25.11201475,0.048652647,11.00631397
2/6/2011,22.27691242,0.022608686,10.4003475
2/7/2011,23.99554131,0.057365624,10.32577187
2/8/2011,23.62959159,0.012775818,9.894789593
2/9/2011,24.0007442,0.055257329,10.08111043
2/10/2011,27.51135627,0.078734532,9.784345105
2/11/2011,21.93461101,0.020682877,9.998310585
2/12/2011,24.63385564,0.033844877,9.685741857
2/13/2011,28.10054731,0.068805722,9.205353852
2/14/2011,19.53391367,0.099502182,9.423551561
2/15/2011,25.33577382,0.05141156,9.548099815
2/16/2011,22.99861004,0.019217514,9.342141027
2/17/2011,22.6821605,0.060326735,10.49262313
2/18/2011,26.47780112,0.07625256,9.18900463
2/19/2011,24.38282152,0.078384884,9.445374654
2/20/2011,27.69692005,0.050529908,10.07711129
2/21/2011,24.42092365,0.063137508,9.790813523
2/22/2011,22.03083427,0.060862211,10.02637259
2/23/2011,25.45191153,0.003475928,9.994251438
2/24/2011,26.00760197,0.075022054,10.53309103
2/25/2011,25.9048483,0.07184604,10.43257631
2/26/2011,25.73485145,0.042583008,10.62888798
2/27/2011,28.56559574,0.047226107,9.840231349
2/28/2011,25.25723207,0.060224356,9.961258035
3/1/2011,24.71317969,0.061757168,10.26029794
3/2/2011,27.09208522,0.070656686,9.273908608
3/3/2011,25.90659138,0.056031662,10.12615538
3/4/2011,24.11560146,0.036551404,9.667651709
3/5/2011,25.85405632,0.065146906,10.45033091
3/6/2011,24.22536569,0.012056806,10.05752737
3/7/2011,25.71134806,0.044642055,10.12809631
3/8/2011,22.92082971,0.107003014,9.771977771
3/9/2011,24.94386288,0.04105353,11.29226725
3/10/2011,25.24120979,0.074231221,10.07684363
3/11/2011,26.70697239,0.060810367,10.42750704
3/12/2011,21.77153301,0.059376832,9.500902384
3/13/2011,24.6084005,0.038273102,9.428453139
3/14/2011,26.01664155,0.052900813,9.683256105
3/15/2011,25.19894965,0.021547919,9.858379968
3/16/2011,27.02626447,0.039725801,9.826932699
3/17/2011,27.96033799,0.060359221,9.989705514
3/21/2011,21.38602419,0.060134736,9.073416921
3/22/2011,23.85086232,0.075945243,9.611905644
3/23/2011,24.31931147,0.028582785,9.861087561
3/24/2011,22.77627488,0.044201886,10.88961858
3/25/2011,23.62711413,0.052317356,9.755511407
3/26/2011,26.5125316,0.03807396,9.737292043
3/27/2011,24.11468196,0.047205982,9.895840595
3/28/2011,26.53913303,0.045363598,10.37379332
3/29/2011,26.47349064,0.049953658,10.56408447
3/30/2011,22.98461454,0.070739632,10.7260723
3/31/2011,24.42522616,0.044562926,10.17748618
4/1/2011,26.03407062,0.047292906,9.093226401
4/2/2011,26.25333978,0.060922584,8.987313922
4/3/2011,28.25168118,0.040341996,10.04180775
4/4/2011,28.43373287,0.060120817,9.663200541
4/5/2011,26.28592243,0.036580667,10.09370828
4/6/2011,27.40818284,0.051244839,9.814714198
4/8/2011,24.95903944,0.021827194,10.22674921
4/9/2011,25.2731808,0.043349379,10.05962183
4/10/2011,25.55715597,0.058015905,9.136993495
4/11/2011,22.63011662,0.078593441,9.264635647
4/12/2011,24.28629563,0.058587283,9.784132543
4/13/2011,25.30241136,0.078173873,9.521503388
4/14/2011,24.57488383,0.068156566,9.820242804
4/15/2011,26.03136184,0.040489376,10.57352097
4/16/2011,23.3543875,0.07297451,9.960797551
4/17/2011,24.39138182,0.050666081,9.240099884
4/18/2011,28.06032605,0.010760554,9.676099162
4/19/2011,23.16280246,0.041403811,10.25181561
4/20/2011,31.11509231,0.024343494,9.049737342
4/21/2011,19.54239919,0.060196455,10.16008673
4/22/2011,24.70697421,0.022378514,9.918237248
4/23/2011,25.2318509,0.048961493,9.407280241
4/24/2011,22.19139226,0.035922032,10.03164643
4/25/2011,21.99272566,0.028304,9.947504067
4/26/2011,25.72996087,0.015706639,10.12350901
4/27/2011,24.07382643,0.044209237,10.54970814
4/28/2011,24.42645583,0.035269918,9.831273933
4/29/2011,25.69349311,0.058826793,10.43297413
4/30/2011,26.18493043,0.028202364,9.835595869
5/1/2011,23.49037902,0.018358974,10.39364383
5/2/2011,24.23559396,0.01972376,9.790581355
5/3/2011,27.70584219,0.023946545,10.5769259
5/4/2011,24.4381488,0.04408926,10.4538849
5/5/2011,28.51628739,0.038104142,9.688309066
5/6/2011,27.15842543,0.068538142,9.936596739
5/7/2011,22.70025183,0.063842396,10.24749104
5/8/2011,25.27166709,0.02957916,10.53308262
5/9/2011,22.42096361,0.076156703,9.124607811
5/10/2011,25.89872304,0.046770228,9.82434417
5/11/2011,25.44048032,0.045740961,10.7583435
5/12/2011,25.76964464,0.063333901,9.946204911
5/13/2011,22.99067885,0.026112317,10.53059604
5/14/2011,24.7540109,0.064081637,10.68984137
5/15/2011,25.04822952,0.062951728,9.534506781
5/16/2011,24.0310051,0.063513144,10.00654827
5/17/2011,23.20642411,0.062284423,9.205757624
5/18/2011,24.24359051,0.035335137,10.16350899
5/19/2011,24.05753287,0.029553805,9.758877631
5/20/2011,24.44991315,0.050228687,10.14077408
5/21/2011,21.0553182,0.05235782,9.868194871
5/22/2011,21.12638688,0.084713246,9.456776389
5/23/2011,25.79355369,0.055693295,10.60435778
5/24/2011,24.19359433,0.01736056,9.357694306
5/25/2011,19.81721331,0.056061765,9.692457767
5/26/2011,26.93214064,0.035953352,10.61041628
5/27/2011,27.95065275,0.034417478,8.781542087
5/28/2011,23.75111141,0.066366252,10.58468647
5/29/2011,24.63209264,0.060284349,10.41399788
5/30/2011,24.02749441,0.063849983,10.47495064
5/31/2011,23.51465021,0.057104677,10.58535626
6/1/2011,25.09557871,0.068236583,9.885925359
6/2/2011,28.36043102,0.05445226,9.516201101
6/3/2011,23.96799805,0.054013799,9.420151811
6/4/2011,24.94638057,0.045717509,9.782097267
6/5/2011,24.18880951,0.087767049,10.03612249
6/6/2011,24.82964723,0.051006951,10.04969726
6/7/2011,26.33898187,0.079323017,9.467074543
6/8/2011,22.79331368,0.041382957,9.760236852
6/9/2011,25.62188087,0.031529887,9.739008706
6/10/2011,29.51597027,0.041788352,10.74686143
6/11/2011,24.30793867,0.081527194,10.23028068
6/12/2011,26.27793999,0.072621934,9.878940114
6/13/2011,18.23825587,0.035090799,10.64955005
6/14/2011,24.88632257,0.036955688,10.4535228
6/15/2011,24.78232433,0.031268681,10.02651235
6/16/2011,25.18637109,0.060006066,9.616408101
6/17/2011,22.16060167,0.021264136,10.38842746
6/18/2011,26.13428286,0.048381528,10.49015511
6/19/2011,25.12757036,0.056255644,9.508009198
6/20/2011,27.06162819,0.046894348,10.47825986
6/21/2011,25.06655182,0.045572516,8.862901474
6/22/2011,27.52303502,0.004009451,10.35359027
6/23/2011,24.3896623,0.086236845,9.836205583
6/24/2011,26.31241024,0.065119744,9.567133414
6/25/2011,24.25724743,0.054296237,10.43053794
6/26/2011,26.1297002,0.066856002,9.853485625
6/27/2011,26.48579365,0.050946418,10.58266793
6/28/2011,22.1123065,0.029528829,11.14608391
6/29/2011,24.64692066,0.053831866,10.1196028
6/30/2011,23.54519058,0.038669705,10.32235758
7/1/2011,21.69251117,0.074967964,9.607197269
7/2/2011,25.4148997,0.092990245,10.1190286
7/3/2011,27.31828584,0.064499582,9.941699359
7/4/2011,26.484163,0.026543383,9.487354609
7/5/2011,25.79073076,0.069169619,10.05650881
7/6/2011,23.58375317,0.070619442,10.40717096
7/7/2011,25.73278007,0.02892556,8.831360453
7/8/2011,24.7128623,0.054641892,9.881716904
7/9/2011,25.17962428,0.063882605,9.496562261
7/10/2011,27.3045476,0.009542532,10.49433546
7/11/2011,26.70340615,0.064423289,10.89368192
7/12/2011,24.0079623,0.05258125,9.987356311
7/13/2011,23.4520899,0.084784466,10.45782563
7/14/2011,26.03129329,0.057136531,9.935002478
7/15/2011,25.10344221,0.007539394,9.393086797
7/16/2011,26.75887656,0.116047594,9.408743857
7/17/2011,24.90681017,0.060306942,10.65616375
7/18/2011,23.91712856,0.061923381,10.0427617
7/19/2011,25.44267875,0.072856505,10.31815081
7/20/2011,24.95282929,0.070654331,9.67737121
7/21/2011,22.87967077,0.072829919,11.03170965
7/22/2011,25.89796229,0.062379976,9.823210291
7/23/2011,27.79302658,0.08204639,10.57793947
7/24/2011,24.84539726,0.0454296,10.13369817
7/25/2011,25.46281668,0.054438514,10.37848672
7/26/2011,28.05604169,0.087496463,10.66331342
7/27/2011,23.86636117,0.088642667,10.81741846
7/28/2011,25.35809901,0.05311997,10.22062914
7/29/2011,23.3694862,0.085895379,9.738474952
7/30/2011,26.30127537,0.052581664,10.12858715
7/31/2011,24.16596785,0.039827405,9.971390891
8/3/2011,23.5334928,0.065557552,9.267099028
8/4/2011,28.98460928,0.081008161,10.24512672
8/5/2011,27.99844206,0.011155974,9.608777701
8/6/2011,24.36457184,0.032120259,9.987590985
8/7/2011,27.23150396,0.045974375,9.897245213
8/8/2011,24.37816875,0.06287539,10.56449508
8/9/2011,22.86557879,0.060278751,9.654533699
8/10/2011,23.93564993,0.046261314,9.972650814
8/11/2011,25.0805039,0.045956483,9.555512162
8/12/2011,26.75224088,0.066276894,10.42153963
8/13/2011,23.04875905,0.085885656,10.24211356
8/14/2011,23.63880198,0.065526005,10.70848879
8/15/2011,27.49076548,0.059536319,9.564096632
8/16/2011,24.9978692,0.054276242,10.63725194
8/17/2011,28.23527892,0.040780555,9.882815802
8/18/2011,27.8203476,0.044254995,9.277413238
8/19/2011,22.76067535,0.029789455,9.810781144
8/20/2011,22.54842949,0.0310163,10.68454708
8/21/2011,23.63919989,0.018713916,10.5052994
8/22/2011,22.41514637,0.047873939,10.53569133
8/23/2011,26.36641789,0.054907039,10.45140709
8/24/2011,23.49914498,0.024048656,10.4100607
8/25/2011,24.90783627,0.039785768,10.02615235
8/26/2011,24.72893572,0.041369253,10.4003982
8/27/2011,27.01018147,0.06352154,10.27342138
8/28/2011,26.46609852,0.061028422,10.51265004
8/29/2011,24.27187699,0.029940704,10.50194149
8/30/2011,24.93570616,0.045543603,9.5666048
8/31/2011,26.20035899,0.048935604,9.474654706
9/1/2011,22.02112034,0.05770025,8.870466153
9/2/2011,24.61602673,0.061910795,9.357865236
9/3/2011,21.74335351,0.071979027,9.85403543
9/4/2011,28.30111872,0.046340377,10.76952437
9/5/2011,25.00784945,0.055855174,9.607038122
9/6/2011,24.19745485,0.035156371,10.63085798
9/7/2011,24.69334563,0.059532415,10.04888251
9/8/2011,26.8917133,0.04367902,10.03697465
9/9/2011,26.62956035,0.057881595,9.840739026
9/10/2011,24.51280691,0.066693323,8.644915412
9/11/2011,25.83797125,0.040240713,10.09229542
9/12/2011,29.73259638,-0.016312443,10.27982774
9/13/2011,26.59639434,0.073516032,10.77699608
9/14/2011,26.02819265,0.033537057,8.77607773
9/15/2011,24.86432801,0.037547982,10.33958152
9/16/2011,24.24782878,0.081542538,9.873385087
9/17/2011,27.10140111,0.076499056,10.94456093
9/18/2011,27.01070198,0.042172349,10.11316774
9/19/2011,27.86001453,0.036214691,10.53924179
9/20/2011,24.30128325,0.06167457,9.991259448
9/21/2011,25.80919965,0.016265995,10.59928118
9/22/2011,22.23138461,0.046783502,10.208052
9/23/2011,23.35109226,0.090859231,9.385668145
9/24/2011,29.91398977,0.060749588,10.13438424
9/25/2011,23.92720264,0.053400307,9.446510616
9/26/2011,25.60871266,0.071966666,9.698683635
9/27/2011,25.32848341,0.004455643,9.555226122
9/28/2011,21.27687717,0.052162288,10.20918126
9/29/2011,27.60256971,0.061428909,10.77885889
9/30/2011,24.34133986,0.025865584,9.077810319
10/1/2011,29.2709307,0.023506673,9.699552646
10/2/2011,23.55499511,0.0506088,9.684969556
10/3/2011,26.5606214,0.047222203,10.69945956
10/7/2011,22.70204143,0.074549094,9.89558398
10/8/2011,25.99320322,0.054435913,9.812921161
10/9/2011,21.44014764,0.073906987,10.07208091
10/10/2011,25.6261714,0.098444475,10.52215648
10/11/2011,18.82272058,0.070193156,9.734068446
10/12/2011,24.55998351,0.011680207,9.856942787
10/13/2011,22.44282461,0.020923552,9.338067599
10/14/2011,24.20566385,0.026325236,10.16635268
10/15/2011,22.81189168,0.045110215,10.5209855
10/16/2011,27.35266633,0.031817672,10.45397027
10/17/2011,25.24819693,0.050090906,9.934718342
10/18/2011,26.21485399,0.082392179,9.910493006
10/19/2011,24.82712605,0.04401321,10.11587238
10/20/2011,28.25859861,0.032157651,9.640875593
10/21/2011,29.51328754,0.033998327,10.14695233
10/22/2011,24.84456249,0.052465187,10.73924026
10/23/2011,23.57826413,0.061650595,9.339637598
10/24/2011,23.16780491,0.038999324,10.50674879
10/25/2011,30.43490003,0.013115302,10.7327147
10/26/2011,23.99390189,0.058168179,9.607768566
10/27/2011,27.35230828,0.02325003,9.864695558
10/28/2011,30.65250426,0.023988735,10.13700478
10/29/2011,24.49364041,0.066941828,9.855859674
10/30/2011,27.88713735,0.056852772,10.66715362
10/31/2011,25.32701875,0.030490697,10.77973665
11/1/2011,27.7843146,0.075813836,10.11327342
11/2/2011,28.11387024,0.03156518,10.31306849
11/3/2011,24.64721188,0.063772876,9.740938444
11/4/2011,23.07578185,0.044693683,10.29286949
11/5/2011,23.96629429,0.054442421,9.58111705
11/6/2011,23.95129132,0.03097853,11.07022831
11/7/2011,25.26116713,0.051262856,10.71279937
11/8/2011,23.99380182,0.034462865,9.639529129
11/9/2011,24.65122136,0.043022993,9.40985191
11/10/2011,23.20383307,0.058165123,10.67200717
11/11/2011,23.85067269,0.047905995,9.778071237
11/12/2011,25.74164867,0.062992945,10.22565108
11/13/2011,25.73635056,0.071434063,9.758845206
11/14/2011,24.24121906,0.065407174,10.49399533
11/15/2011,22.82220614,0.049215923,10.80253081
11/16/2011,24.50630192,0.035771382,10.02497381
11/17/2011,22.67522995,0.08001266,10.28348425
11/18/2011,28.83959475,0.011555821,8.937715254
11/19/2011,28.2460545,0.053593421,9.988815296
11/20/2011,26.827869,0.068881691,9.596461143
11/21/2011,23.3136812,0.071821946,9.215074575
11/22/2011,22.80827224,0.057843248,10.3398414
11/23/2011,27.95357893,0.03524132,9.362284313
11/24/2011,25.26385101,0.074813007,9.94081188
11/25/2011,28.00710795,0.031514745,10.11499691
11/26/2011,27.30623165,0.040132659,9.95556852
11/27/2011,23.61768347,0.045022516,9.706131332
11/28/2011,26.7064026,0.056665435,9.758320258
11/29/2011,23.76111409,0.012612919,11.26802804
11/30/2011,25.26482591,0.013308934,9.74073921
12/1/2011,24.90587232,0.049275985,10.82021294
12/2/2011,25.34407051,0.049679148,10.00036631
12/3/2011,23.28965808,0.052876729,10.27923837
12/4/2011,26.574837,0.043857771,9.875696749
12/5/2011,21.88039257,0.051755104,9.785023139
12/6/2011,21.29376815,0.038518955,10.05879492
12/7/2011,27.57046982,0.084826899,9.696353694
12/8/2011,27.1471272,0.011364316,9.229694203
12/9/2011,28.22200469,0.082486302,9.992369308
12/10/2011,24.22538034,0.063730282,10.20384903
12/11/2011,27.19396109,0.043010479,10.08788564
12/12/2011,24.81542727,0.033517272,9.704101882
12/13/2011,24.84333054,0.097454583,10.15686326
12/14/2011,28.07209088,0.045824558,9.380273625
12/15/2011,25.27781963,0.072873843,10.34032001
12/16/2011,25.46977458,0.022201086,10.22775686
12/17/2011,25.06599483,0.052625313,10.49911367
12/18/2011,22.63524217,0.044093819,9.939868887
12/19/2011,27.28768782,0.030818851,8.877805259
12/20/2011,27.73734539,0.042558005,9.217724725
12/21/2011,24.07886047,0.067574534,9.954812147
12/22/2011,26.17779987,0.050124358,9.684343516
12/23/2011,21.74266564,0.065894774,10.31558499
12/24/2011,23.43275803,0.05781704,10.38929859
12/25/2011,25.18336044,0.060621412,10.09952153
12/26/2011,29.4799845,0.025058662,10.53142125
12/27/2011,27.17811046,0.076122567,10.38236426
12/28/2011,22.29813588,0.060625832,10.07891784
12/29/2011,26.9592303,0.0549829,9.704873304
12/30/2011,25.7595343,0.12709808,9.587568565
12/31/2011,26.36342205,0.051779381,10.22375051
1/1/2012,23.03035809,0.068100179,10.02208062
1/2/2012,22.06015294,0.03552068,10.66987501
1/3/2012,25.87275484,0.059528843,11.33592905
1/4/2012,23.66897904,0.052424483,10.21053479
1/5/2012,23.52625729,0.034728148,10.46629813
1/6/2012,25.22449626,0.05208588,9.918839128
1/7/2012,23.17812401,0.057183639,9.210865744
1/8/2012,24.84926856,0.040597928,9.262350435
1/9/2012,27.62942364,0.096925175,9.509189087
1/10/2012,27.30505395,0.047427924,9.718598035
1/11/2012,26.78231189,0.074430416,9.823848979
1/12/2012,23.09199439,0.075639544,9.473557884
1/13/2012,23.59048773,0.023895627,10.81959101
1/14/2012,26.79451129,0.004855933,9.347140523
1/17/2012,27.22498755,0.023330709,10.52438924
1/18/2012,23.0974463,0.049802557,10.06987833
1/19/2012,22.34598928,0.092002847,9.802083062
1/20/2012,28.97789819,0.019909777,9.74528891
1/21/2012,28.52829363,0.067027601,10.61931689
1/22/2012,22.25820059,0.078998382,9.975131577
1/23/2012,26.77524375,0.038580116,10.02015203
1/24/2012,27.02365109,0.058431157,9.275091588
1/25/2012,25.78000572,0.009337938,10.91460625
1/26/2012,25.80475195,0.052037277,9.141963365
1/27/2012,26.61047373,0.042644567,9.632641349
1/28/2012,23.91280799,0.041778736,9.840870335
1/29/2012,23.44551568,0.05087513,10.3128786
1/30/2012,22.41218021,0.019309033,10.695794
1/31/2012,25.17151832,0.070521985,9.234746843
2/1/2012,22.22950881,0.061118459,10.42744268
2/2/2012,21.89023728,0.039111035,9.341745445
2/3/2012,25.15129258,0.026587207,10.12794914
2/4/2012,23.33592578,0.035884015,10.04953837
2/5/2012,23.78216656,0.078540569,9.038973045
2/6/2012,27.79374378,0.038728236,10.50984688
2/7/2012,29.36995637,0.064970993,10.22918355
2/8/2012,23.01170495,0.069188956,10.78083686
2/9/2012,26.9846343,0.060184337,10.0179394
2/10/2012,27.68482084,0.015351835,10.27970231
2/11/2012,27.20833899,0.057506836,10.38952697
2/12/2012,21.61412428,0.040031992,10.28892219
2/13/2012,25.03944927,0.054416736,9.119909266
2/14/2012,27.64231605,0.101059277,10.43734514
2/15/2012,24.92158045,0.030172178,9.672693559
2/16/2012,24.91396389,0.051846107,10.02943109
2/17/2012,23.3539012,0.052164216,9.846838367
2/18/2012,22.42872588,0.060289303,10.1497811
2/19/2012,26.99239641,0.046855852,8.850230464
2/20/2012,24.66488984,0.018561049,9.363919552
2/21/2012,28.7718209,0.01835582,9.735306528
2/22/2012,27.8976435,0.045394519,9.428035241
2/23/2012,23.11099384,0.021001352,10.4934741
2/24/2012,28.15630246,0.049325741,10.12787851
2/25/2012,25.87185029,0.063115382,9.491854781
2/26/2012,25.69212599,0.075335643,10.72088941
2/27/2012,21.31712285,0.026503093,10.20506925
2/28/2012,28.07147435,0.013308137,10.06698386
2/29/2012,22.36673576,0.042291717,9.658419574
3/1/2012,25.55752787,0.055144864,9.8982794
3/2/2012,25.83331991,0.045665245,9.381022287
3/3/2012,26.83694466,0.057007112,10.39819776
3/4/2012,26.12511938,0.068695296,10.25443252
3/5/2012,22.83330406,0.048311099,9.17309997
3/6/2012,24.45665761,0.048396544,9.623336167
3/7/2012,26.37402693,0.056944951,9.63852292
3/8/2012,26.24022982,0.038310539,10.11241662
3/9/2012,20.77652135,0.01414863,9.971116999
3/10/2012,24.55340453,0.059427643,10.11180785
3/11/2012,22.54868326,0.061244495,10.41506015
3/12/2012,26.0615629,0.026055378,10.45531103
3/13/2012,24.19336619,0.048731242,9.553127029
3/14/2012,26.23505041,0.051241589,10.15816019
3/15/2012,23.67517205,-0.005505827,9.107892261
3/16/2012,24.47540768,0.055873265,10.08638383
3/17/2012,25.10383411,0.055134413,9.87521566
3/18/2012,21.59091858,0.043105631,10.06339098
3/19/2012,23.69667006,0.049344882,10.75520358
3/20/2012,26.0640141,0.06999605,10.58868257
3/21/2012,28.0810086,0.04532448,9.977036384
3/22/2012,25.59760598,0.033934274,10.27538173
3/23/2012,23.09430644,0.033848055,9.140885355
3/24/2012,24.53328536,0.023352691,10.15792786
3/25/2012,24.93801977,0.020001513,9.194743717
3/26/2012,20.78862496,0.023136961,10.094465
3/27/2012,25.73434607,0.045534746,10.25175744
3/28/2012,22.65343223,0.043613999,10.42002514
3/29/2012,23.72495567,0.04543948,9.597621651
3/30/2012,23.66985642,0.044179527,9.890953705
3/31/2012,23.10671669,0.044350276,10.37839434
4/1/2012,27.77685394,0.081593683,9.504969554
4/2/2012,24.40475293,0.063717639,9.018277086
4/3/2012,25.78929759,0.037656756,9.817791135
4/4/2012,27.74646222,0.037174792,10.01341127
4/5/2012,25.88194541,0.048572472,9.438444185
4/6/2012,25.40086891,0.072347435,10.3731133
4/7/2012,26.04370245,0.047156076,10.06147073
4/8/2012,26.58321691,0.070105605,10.45116387
4/9/2012,21.28159858,0.028591838,9.788670313
4/10/2012,22.81286165,0.072220648,10.25314642
4/11/2012,27.5760543,0.04081597,9.793025196
4/12/2012,24.29273113,0.064443682,9.788644431
4/13/2012,27.06035085,0.057420482,10.69875039
4/14/2012,28.98708872,0.078919873,10.49046893
4/15/2012,28.22019156,0.0550293,9.326234153
4/16/2012,22.75520383,0.057204935,9.229665691
4/17/2012,23.43818377,0.051598645,9.984752302
4/18/2012,21.95473263,0.034019547,10.01057371
4/19/2012,25.69987648,0.012709773,9.612328595
4/20/2012,22.81582805,0.078522736,10.15979758
4/21/2012,23.38429798,0.054454585,9.690808939
4/22/2012,26.43796773,0.04697685,9.215094809
4/23/2012,25.3657329,0.083008105,10.36367209
4/24/2012,22.56185214,0.056485536,10.24310297
4/25/2012,26.39524702,0.054781091,9.610279181
4/26/2012,24.55929343,0.037229471,10.62854284
4/27/2012,24.37665366,0.0740181,8.470216732
4/28/2012,25.85915177,0.079372183,9.28516924
4/29/2012,27.47441668,0.039191679,10.33014566
4/30/2012,22.06574774,0.044904983,10.16061363
5/1/2012,25.6124906,0.069916008,10.30568184
5/2/2012,20.73948459,0.06223465,9.48887361
5/3/2012,24.19639851,0.024756294,10.4492185
5/4/2012,25.49493271,0.068634652,9.807013627
5/5/2012,26.78629703,0.054630563,10.44087906
5/6/2012,22.79324666,0.041286127,10.05922087
5/7/2012,23.22235227,0.062017436,10.15493366
5/8/2012,25.06419398,0.027839624,11.01242335
5/9/2012,27.60271052,0.056960843,9.663759746
5/10/2012,24.90805766,0.048228286,9.623528829
5/11/2012,26.79354691,0.090082873,9.558160166
5/12/2012,26.00358518,0.044498328,9.714884675
5/13/2012,26.57557558,0.044440087,9.184957841
5/14/2012,21.30902526,0.033665584,9.946267418
5/15/2012,23.16544891,0.062322419,9.68039666
5/16/2012,24.94274635,0.037939228,10.40434473
5/17/2012,24.69666259,0.054233645,9.668812493
5/18/2012,26.31117641,0.05275793,10.10123467
5/19/2012,24.26607341,0.048748867,10.81445055
5/21/2012,24.93213952,0.043826856,10.1389143
5/22/2012,23.01559545,0.068422315,10.42641222
5/23/2012,23.5470284,0.031341162,10.54790804
5/24/2012,27.23210188,0.079926926,10.73927627
5/25/2012,24.15190566,0.072527551,11.24401319
5/26/2012,25.35357849,0.047588754,9.825841047
5/27/2012,25.73448135,0.083328529,10.21025371
5/28/2012,26.42344551,0.014132673,9.942551685
5/29/2012,27.22990914,0.070122864,10.05270473
5/30/2012,27.78432989,0.027524459,9.674152102
5/31/2012,25.06386551,0.048604731,9.385043192
6/1/2012,22.11801808,0.065794265,10.34398954
6/2/2012,22.50598246,0.02657183,9.905366606
6/3/2012,22.4884631,0.069792974,10.79221532
6/4/2012,29.30337183,0.051815849,9.802773445
6/5/2012,24.63786767,0.048448107,10.68684334
6/6/2012,24.38825091,0.079987522,10.29253993
6/7/2012,24.42255786,0.049704176,9.464797254
6/8/2012,26.48187237,0.044406086,9.634882542
6/9/2012,26.89899179,0.039948143,9.24480082
6/10/2012,27.33368955,0.052206924,10.24752018
6/11/2012,23.64625117,0.054602844,9.545001015
6/12/2012,22.86400339,0.052909825,9.568031534
6/13/2012,22.21250258,0.065137272,9.775817503
6/14/2012,23.36938728,0.045021018,8.305325695
6/15/2012,21.19226998,0.057889546,10.27119486
6/16/2012,28.05635534,0.031135937,9.366026782
6/17/2012,22.72720748,0.06917071,9.373353323
6/18/2012,24.81358066,0.025112922,11.1457543
6/19/2012,24.61815573,0.079762076,9.556015289
6/20/2012,23.60442841,0.032436118,9.012344182
6/21/2012,22.46510843,0.032983832,9.557979922
6/22/2012,22.26253988,0.046666872,9.217156102
6/23/2012,22.81793576,0.090491947,9.525753163
6/24/2012,24.17540535,0.05185955,9.587816106
6/25/2012,25.76685499,0.056485395,9.092937038
6/26/2012,28.05090133,0.026589274,9.878768483
6/27/2012,24.05038998,0.071370422,10.04071916
6/28/2012,23.99232637,0.056178965,10.6380644
6/29/2012,23.9342583,0.070623467,9.917393071
6/30/2012,26.57372674,0.068779923,9.61200573
7/1/2012,22.31610802,0.028585526,10.31335737
7/2/2012,25.82600641,0.051271132,10.49244387
7/3/2012,25.5858322,0.047465855,10.37495277
7/4/2012,24.11160857,0.063137953,9.511672562
7/5/2012,28.16624124,0.064177141,9.664232783
7/6/2012,25.7660195,0.066103082,10.22798808
7/7/2012,23.76344493,0.05952642,9.417109524
7/8/2012,23.90815169,0.050623824,10.60605822
7/9/2012,25.44172914,0.046630627,10.40642807
7/10/2012,24.59048898,0.072287444,10.50206561
7/11/2012,23.30887321,0.027237235,10.43161221
7/12/2012,22.16814334,0.065212981,9.762965051
7/13/2012,26.81294942,0.047701797,10.27085899
7/14/2012,26.51426957,0.065992831,9.842064284
7/15/2012,24.4927231,0.055541593,10.90323286
7/16/2012,27.70562091,0.064267608,10.36286228
7/17/2012,23.58050162,0.033738746,10.14338635
7/18/2012,25.12404934,0.028385299,10.53358862
7/19/2012,25.47005099,0.065118897,10.08242719
7/20/2012,26.55932925,0.049089359,9.781579566
7/21/2012,27.56311436,0.056866493,9.978223566
7/22/2012,27.56545141,0.050266113,10.50618095
7/23/2012,24.62108497,0.054870153,10.31377542
7/24/2012,27.01376239,0.026451269,10.3776043
7/25/2012,27.8222167,0.056899629,10.43522711
7/26/2012,25.64707607,0.063610323,9.974725968
7/27/2012,25.12779617,0.068048756,9.820523854
7/28/2012,26.72661373,0.039375136,9.777551225
7/30/2012,27.1588288,0.067048737,9.527554311
7/31/2012,22.35389786,0.066359176,9.90012523
8/1/2012,21.00693658,0.036516502,9.641524794
8/2/2012,27.17994867,0.071468,9.616968773
8/3/2012,26.4389977,0.043736167,9.847100595
8/4/2012,25.50107682,0.049436523,9.725558007
8/5/2012,25.21099355,0.046318394,10.59976587
8/6/2012,24.29551512,0.069526708,9.512555758
8/7/2012,27.96048784,0.110538761,9.955670614
8/8/2012,27.91716208,0.047614579,11.41956877
8/9/2012,19.9042664,0.031344745,9.4210891
8/10/2012,29.34687973,0.070550627,9.193758824
8/11/2012,27.98641396,0.057550693,9.877205446
8/13/2012,22.17746026,0.049313697,9.27502461
8/14/2012,22.1280074,0.002044502,9.529316487
8/15/2012,24.0244151,0.035155153,9.273246383
8/16/2012,26.03398847,0.067465694,10.49590301
8/17/2012,24.01803801,0.061728831,9.604403968
8/18/2012,27.05223629,0.025009451,9.748037834
8/21/2012,23.38808958,0.036956617,11.1644444
8/22/2012,21.4167824,0.073640004,9.406110767
8/23/2012,25.20061451,0.064564761,10.43357773
8/24/2012,20.0169528,0.044602462,10.32818783
8/25/2012,25.01540563,0.037175862,9.514055155
8/26/2012,27.32934084,0.080275213,10.85353843
8/27/2012,28.37699134,0.079582125,10.25238393
8/28/2012,24.79315285,0.077402443,9.735826406
8/29/2012,25.29162022,0.081442736,10.26686218
8/30/2012,25.36344519,0.038717209,10.20376815
8/31/2012,25.1340344,0.041300366,9.565347021
9/1/2012,25.02579453,0.072189977,10.37459727
9/2/2012,24.10831805,0.069020079,10.59566831
9/3/2012,25.44558803,0.054951528,9.47297526
9/4/2012,25.94409805,0.059547921,9.15544584
9/5/2012,26.78011273,0.036877242,9.673561706
9/6/2012,28.57616013,0.079057228,9.887951079
9/7/2012,23.46569938,0.058810769,9.711442186
9/8/2012,20.6773842,0.080979069,9.885479786
9/9/2012,22.7894656,0.039497183,10.29027806
9/10/2012,24.32916037,0.06242006,10.10711769
9/11/2012,23.70994604,0.06085318,11.15921111
9/12/2012,22.90606067,0.056194124,11.26966979
9/13/2012,24.02217332,0.067161428,10.63470073
9/14/2012,25.25480395,0.070231029,9.954149976
9/15/2012,20.19283982,0.070159199,9.807603526
9/16/2012,22.30207899,0.029663421,10.33472543
9/17/2012,28.39822818,0.073432269,9.830522205
9/18/2012,25.84740882,-0.001030802,10.19318715
9/19/2012,22.52019591,0.048293922,9.635492182
9/20/2012,25.06167003,0.038309555,9.702999353
9/21/2012,25.9438883,0.064640578,9.419761811
9/22/2012,25.06172289,0.051161979,9.998171674
9/23/2012,25.3839001,0.058285759,9.446751248
9/24/2012,25.33460908,0.038632211,9.71859146
9/25/2012,23.55055738,0.091226866,9.678515739
9/26/2012,27.82377371,0.062655874,10.16081099
9/27/2012,27.84235329,0.052872519,10.49029405
9/28/2012,23.25948932,0.071319519,10.03642242
9/29/2012,23.81592121,0.020693305,9.613394428
9/30/2012,25.19059305,0.019412444,10.27132498
10/1/2012,26.46724502,0.054550277,10.27781316
10/2/2012,26.20379933,0.044022856,10.05487609
10/3/2012,27.6333788,0.066462851,10.14620927
10/4/2012,22.14118858,0.060166493,9.918711794
10/5/2012,23.65546152,0.050143244,9.197324949
10/6/2012,24.08150032,0.029324148,8.91905754
10/7/2012,27.95752168,0.046823365,10.03151789
10/8/2012,25.75898364,0.057422469,10.52675795
10/9/2012,24.09380544,0.037438935,10.47044117
10/10/2012,26.49676766,0.042675666,9.877493965
10/11/2012,23.99413944,0.045681146,10.03804662
10/12/2012,24.67215528,0.05204839,10.97740669
10/13/2012,26.97704771,0.06196966,10.39830529
10/14/2012,25.61648489,0.064457266,10.35128861
10/15/2012,27.98132553,0.044265588,10.55053962
10/16/2012,21.74803265,0.071332296,10.18589336
10/17/2012,26.51397714,0.058687416,10.77376455
10/18/2012,23.30926175,0.021014764,9.9528176
10/19/2012,25.30589089,0.053906011,9.911081092
10/20/2012,25.24951778,0.03160051,9.487632297
10/21/2012,24.78117776,0.048123346,9.437336115
10/22/2012,24.91015959,0.034618603,10.34246803
10/23/2012,24.14580184,0.060456338,9.858137496
10/24/2012,22.50802278,0.058017217,9.659126953
10/25/2012,26.33798017,0.053669374,10.46319198
10/26/2012,24.0928518,0.075002747,9.454260313
10/27/2012,27.57120432,0.065341092,9.821479329
10/28/2012,25.18560742,0.047567941,9.771063837
10/29/2012,21.99241041,0.048967812,9.147326633
10/30/2012,25.11478388,0.040889333,10.07958076
10/31/2012,25.91873804,0.030795228,9.94666724
11/1/2012,28.93553652,0.028024888,9.663062674
11/2/2012,24.25172253,0.044465236,10.1384134
11/3/2012,26.01416871,0.04506639,10.63139222
11/4/2012,27.27466868,0.05286224,10.11773571
11/5/2012,23.49390154,0.059105487,9.88198629
11/6/2012,24.52458441,0.040438541,9.584398517
11/7/2012,27.97163601,0.056685715,10.43621796
11/8/2012,23.92019887,0.077511949,9.129979089
11/9/2012,24.5551442,0.068564618,10.96457541
11/10/2012,27.17293356,0.031032768,9.750738061
11/11/2012,21.59794434,0.050462434,10.74206717
11/12/2012,28.3296598,0.056643953,9.386713024
11/13/2012,26.00697568,0.076121214,11.11145648
11/14/2012,24.63047368,0.048982543,9.27026879
11/15/2012,25.68922371,0.040535805,9.613710683
11/16/2012,27.34159732,0.048373359,8.891320676
11/17/2012,25.81727358,0.039329402,10.03404217
11/18/2012,26.9329339,0.083787372,10.37526899
11/19/2012,26.7536083,0.054610146,10.507411
11/20/2012,25.34140215,0.025658394,9.090316395
11/21/2012,24.86302188,0.049681775,9.500783278
11/22/2012,25.7682465,0.060697873,9.95367269
11/23/2012,21.32318658,0.050191434,9.651844764
11/24/2012,26.93913171,0.045806409,9.908244901
11/25/2012,22.38387613,0.045456456,9.428109185
11/26/2012,22.43655426,0.004383815,10.90272208
11/27/2012,26.05522187,0.050342009,10.17859055
11/28/2012,25.67438532,0.035194469,9.509051727
11/29/2012,24.58906743,0.050243235,9.59116879
11/30/2012,24.42169606,0.065581163,9.436424392
12/1/2012,24.90306342,0.033868396,10.98910077
12/2/2012,25.5571361,0.106556036,9.410140763
12/3/2012,22.47030565,0.051454645,9.328197394
12/4/2012,24.67373157,-0.009480367,9.848223225
12/5/2012,24.68559802,0.059234369,9.540666798
12/6/2012,25.23913465,0.04931345,9.664971393
12/7/2012,25.36273459,0.077677189,10.47481524
12/8/2012,23.01214799,0.035371886,8.9745142
12/9/2012,27.01021016,0.049206846,9.617222705
12/10/2012,24.58945799,0.036765641,9.66769053
12/11/2012,22.90328379,0.045706443,9.863391496
12/12/2012,24.56767529,0.051797868,9.838866658
12/13/2012,26.15842683,0.033150935,9.821129026
12/14/2012,22.80381435,0.063270969,9.955828749
12/15/2012,28.00497308,0.046056654,8.966091409
12/16/2012,23.03055411,0.052982525,10.18804898
12/17/2012,28.12112529,0.044087359,10.37260373
12/18/2012,28.16212032,0.079733979,10.36008044
12/19/2012,24.35148401,0.0066555,9.323050253
12/20/2012,26.07722679,0.026172956,9.628276055
12/21/2012,23.83197593,0.029528845,9.884300523
12/22/2012,22.59397529,0.066860825,10.36812133
12/23/2012,23.22423797,-0.024424498,9.870500212
12/28/2012,24.54816862,0.064416934,9.892898386
12/29/2012,24.05456856,0.000342131,9.119999185
12/30/2012,21.57432388,0.040508227,10.33882659
12/31/2012,25.54022769,0.034385669,9.216316554
1/1/2013,25.14741669,0.040108815,10.31937089
1/2/2013,25.93917059,0.053418266,9.4197234
1/3/2013,24.36866197,0.058247617,9.383976346
1/4/2013,26.59113344,0.021476184,9.857087827
1/5/2013,29.00521855,0.080073668,10.637206
1/6/2013,25.04540159,0.017878893,9.921816414
1/7/2013,28.13135882,0.068563217,9.568915141
1/8/2013,25.02786696,0.076481649,8.843903652
1/9/2013,24.34961951,0.05721006,10.49487251
1/10/2013,27.73649617,0.026440681,9.648013455
1/11/2013,23.79593222,0.029635091,9.377971391
1/12/2013,25.94234407,0.080693502,10.16506252
1/13/2013,26.11129975,0.032549218,9.886204597
1/14/2013,23.57785523,0.02820985,9.836228623
1/15/2013,28.75911752,0.016581936,10.33085423
1/16/2013,24.79221587,0.065167203,9.694479516
1/17/2013,21.59551394,0.039714196,9.733990147
1/18/2013,22.59308916,0.060385512,10.46348425
1/19/2013,25.47667535,0.026254389,9.118458552
1/20/2013,29.14584379,0.040743846,10.83958118
1/21/2013,25.07168961,0.038405189,9.906907408
1/22/2013,27.53151667,0.063542848,10.34970239
1/23/2013,28.77811741,0.055474143,10.31495678
1/24/2013,23.90542801,0.040170186,9.704009087
1/25/2013,24.37004958,0.053786913,9.592295218
1/26/2013,23.46082727,0.067471217,9.303589689
1/27/2013,28.4419984,0.021273865,9.802340421
1/28/2013,23.49933218,0.022254843,9.864292393
1/29/2013,23.9491109,0.053773804,9.90598656
1/30/2013,25.51819786,0.042729287,10.32901725
1/31/2013,25.65809291,0.02032613,10.22262172
2/1/2013,28.21542369,0.021575644,9.295764629
2/2/2013,23.11270178,0.079370814,9.706678019
2/3/2013,23.18685348,0.052973522,10.83570328
2/4/2013,23.08719778,0.057875919,10.30295893
2/5/2013,22.4632239,0.092231417,10.63487544
2/6/2013,29.31428442,0.03930818,11.02356127
2/7/2013,24.1334859,0.089121847,9.268362133
2/8/2013,27.01957203,0.023959454,10.91996575
2/9/2013,24.98994129,0.072285197,9.798510657
2/10/2013,25.38034243,0.033979828,9.173706636
2/11/2013,24.68374882,0.04110775,9.05993995
2/12/2013,23.26775983,0.04875733,10.68123156
2/13/2013,25.5373636,0.015117533,10.66378824
2/14/2013,26.59849085,0.080505628,10.20516293
2/15/2013,25.72304678,0.067867156,10.59491997
2/16/2013,26.30894097,0.046811356,10.18414641
2/17/2013,26.36523583,0.035335264,10.15215565
2/18/2013,27.1582329,0.029580715,9.895321361
2/19/2013,23.84885632,0.049249722,9.42506595
2/20/2013,22.90583134,0.076699166,10.27344716
2/21/2013,25.6096045,0.059329337,10.32302066
2/22/2013,24.12685642,0.053238858,10.21716983
2/23/2013,22.26470716,0.063836165,9.520746722
2/24/2013,26.4923219,0.027461844,9.90683567
2/25/2013,24.39117652,0.060077715,10.28104463
2/26/2013,27.52541462,0.067218817,9.14712958
2/27/2013,22.92858606,0.049307898,10.01877456
2/28/2013,24.93631889,0.028756559,9.870677826
3/1/2013,28.10235975,0.057135809,9.653754522
3/2/2013,22.4583999,0.061776551,10.40879589
3/3/2013,26.46328883,0.031441917,9.871440206
3/4/2013,28.19514738,0.0170859,10.97055643
3/5/2013,25.16673161,0.036588198,9.775955565
3/6/2013,26.42134536,0.035048149,9.977523899
3/7/2013,25.2952812,0.038349214,9.562957018
3/8/2013,22.03334665,0.024623147,10.46420896
3/9/2013,26.53898328,0.055283001,9.792141734
3/10/2013,26.15401752,0.038445388,9.755287576
3/11/2013,26.79797662,0.065768944,10.13169265
3/12/2013,24.10531126,0.03363492,9.973735952
3/13/2013,26.02545973,0.067075807,10.14991756
3/14/2013,26.75932853,0.030516494,10.16804669
3/15/2013,22.12639368,0.025689611,9.973130993
3/16/2013,26.15173501,0.032456936,9.356497616
3/17/2013,25.35511025,0.064752373,10.79674546
3/18/2013,24.86300827,0.01264743,9.818201934
3/19/2013,24.78640837,0.035533265,9.834611026
3/20/2013,26.53984911,0.057530357,10.05560383
3/21/2013,24.77327676,0.06667106,10.45361818
3/22/2013,24.27758796,0.048440815,9.868062217
3/23/2013,24.39276821,0.078792776,10.99539197
3/24/2013,25.80050039,0.038070187,9.649985919
3/25/2013,22.26717973,0.050834302,10.23957504
3/26/2013,28.84657515,0.067438341,10.12375047
3/27/2013,26.4203286,0.06177705,9.915768133
3/28/2013,23.75169406,0.059061327,9.989370987
3/29/2013,26.70304397,0.060914271,9.825456525
3/30/2013,27.5144978,0.033575472,10.17995397
3/31/2013,26.20481343,0.044331325,9.350597702
4/1/2013,27.14461298,0.062356328,9.931902391
4/2/2013,27.34552817,0.030300247,9.375115341
4/3/2013,24.93363518,0.057910319,11.32564004
4/4/2013,29.58312111,0.044119607,9.868708425
4/5/2013,21.32961331,0.073747472,8.997386557
4/6/2013,25.49422392,0.041855882,9.65923142
4/7/2013,22.63003372,0.031614172,9.829977293
4/8/2013,25.65906328,0.075185351,10.17747355
4/9/2013,22.81937434,0.049532167,9.883625027
4/10/2013,28.79359775,0.037635047,9.817043475
4/11/2013,21.91610249,0.047570616,10.48880422
4/12/2013,25.14153761,0.038687314,9.967906566
4/13/2013,24.09156302,0.04616762,10.89578407
4/14/2013,23.59669208,0.034961245,10.74606438
4/15/2013,22.80544798,0.077655523,9.484435625
4/16/2013,25.73241722,0.052911412,9.35147089
4/17/2013,28.16357236,0.07732256,10.78319334
4/18/2013,20.76374969,0.045084466,10.31465084
4/19/2013,25.26524508,0.075763072,10.46400051
4/20/2013,22.40655135,0.062342373,9.078328051
4/21/2013,24.61034845,0.039925815,9.255301291
4/22/2013,26.43687075,0.062351202,9.604694518
4/23/2013,22.99395888,0.071100971,10.11370224
4/24/2013,23.23082028,0.066470846,10.3771251
4/25/2013,26.99514164,0.070722971,9.646122006
4/26/2013,25.18104547,0.037873621,9.977842868
4/27/2013,24.21923569,0.054024721,10.35466001
4/28/2013,25.96915121,0.09188047,10.24211986
4/29/2013,22.70374281,0.088098,10.12816354
4/30/2013,28.68783758,0.06171621,10.52166648
5/1/2013,25.34974409,0.059202143,9.250439164
5/2/2013,24.52948168,0.046909755,9.186623002
5/3/2013,28.05790092,0.067076436,9.708722919
5/4/2013,24.21519613,0.05644535,10.73776451
5/5/2013,25.69562051,0.051223693,9.378912763
5/6/2013,23.59466063,0.057024307,9.401996601
5/7/2013,24.8284567,0.047849665,9.603992816
5/8/2013,22.21028064,0.069371105,10.26901979
5/9/2013,27.8124316,0.077969399,10.47980044
5/10/2013,26.35098659,0.047676024,9.952134856
5/11/2013,24.23464258,0.001062062,9.488648176
5/12/2013,26.18779662,0.047964399,10.46651823
5/13/2013,24.11481697,0.063423726,10.61783423
5/14/2013,26.4091375,0.037318445,8.975980805
5/15/2013,26.42697631,0.029438211,10.52326605
5/16/2013,23.10703095,0.027424527,10.48055168
5/17/2013,26.06366671,0.058832111,9.087859191
5/18/2013,24.47514266,0.057704668,9.375688376
5/19/2013,22.02896464,0.051115408,10.09433855
5/20/2013,25.38866113,0.054947632,9.642650361
5/21/2013,24.84473579,0.04043681,10.32874154
5/22/2013,25.6726305,0.060495434,10.43524452
5/23/2013,23.85178692,0.031658775,9.768015113
5/24/2013,22.69149679,0.034181717,9.807279949
5/25/2013,24.54318271,0.053854767,10.5707625
5/26/2013,23.06787062,0.046203699,11.06499338
5/27/2013,24.11272328,0.030867579,9.917871219
5/28/2013,21.84205086,0.066482987,9.804621377
5/29/2013,28.70829078,0.05345103,9.807876269
5/30/2013,23.69607886,0.061600714,10.10864017
5/31/2013,22.91128713,0.042290608,9.789142191
6/1/2013,24.59900152,0.077604151,11.03542792
6/2/2013,23.65781729,0.03490792,9.390049346
6/3/2013,25.97767015,0.068305524,9.612513804
6/4/2013,23.24639418,0.021677257,9.790636809
6/5/2013,24.07718871,0.054364531,10.12777933
6/6/2013,24.04237226,0.034091832,10.22106007
6/7/2013,23.77857354,0.064810545,10.5486917
6/8/2013,26.88842281,0.043333179,9.416469194
6/9/2013,25.24711047,0.049915039,10.07630167
6/10/2013,23.08516947,0.061609552,10.04619613
6/11/2013,25.31926238,0.030654575,9.780524686
6/12/2013,27.3782593,0.038026426,9.762345994
6/13/2013,25.03498006,0.031085303,10.83512944
6/14/2013,24.99145007,0.033198273,10.26849503
6/15/2013,21.96517513,0.065893842,9.947964688
6/16/2013,24.84436175,0.063926139,9.8195586
6/17/2013,24.49266392,0.059048551,9.45769507
6/18/2013,24.89062203,0.015268332,10.37545052
6/19/2013,27.09513973,0.034338959,11.07539055
6/20/2013,28.42619347,0.096730621,10.02920945
6/21/2013,20.99763386,0.093591852,9.432832815
6/22/2013,23.40134071,0.042391442,9.745071745
6/23/2013,24.31929554,0.061648008,9.971840366
6/24/2013,26.57344232,0.047733044,9.493640906
6/25/2013,26.00018995,0.053310399,9.339389811
6/26/2013,26.99384156,0.071022501,8.750326079
6/27/2013,21.55057532,0.062729655,9.880962876
6/28/2013,27.1709051,0.036888002,10.07050532
6/29/2013,20.59134213,0.056088122,10.54351414
6/30/2013,27.46995592,0.0576681,9.50824566
7/1/2013,26.76793273,0.061411549,10.28305389
7/2/2013,23.64636264,0.032141591,10.22900461
7/3/2013,25.10227242,0.043288934,9.754435839
7/4/2013,24.61697037,0.04169707,11.07722229
7/5/2013,26.64165067,0.016735329,9.811132454
7/6/2013,22.09683218,0.076786395,9.437770167
7/7/2013,25.98584822,0.073751179,9.529673398
7/8/2013,27.35366915,0.057526596,9.611218033
7/9/2013,24.64709608,0.046922939,11.00373055
7/10/2013,26.87063879,0.070607247,9.523974059
7/11/2013,26.60289061,0.052765178,9.668939032
7/12/2013,20.57180699,0.075018392,10.03095912
7/13/2013,22.27237922,0.03509778,9.475507117
7/14/2013,26.59176322,0.013725713,10.22374368
7/15/2013,23.89697529,0.048949785,9.628436684
7/16/2013,24.76515196,0.019365437,9.968866804
7/17/2013,22.93939284,0.027813317,9.570851914
7/18/2013,24.10646447,0.068943756,10.24429013
7/19/2013,26.1879717,0.022764393,10.81909741
7/20/2013,28.46108843,0.099686235,9.531553722
7/21/2013,22.72404454,0.066497264,10.81690856
7/22/2013,26.91274168,0.065784999,10.68130438
7/23/2013,25.86661419,0.017937431,10.10425898
7/24/2013,23.79978522,0.060898827,10.02667232
7/25/2013,24.27617371,0.060868917,10.18105688
7/26/2013,21.89347138,0.020551313,10.42122973
7/27/2013,27.14139006,0.043672777,10.37803049
7/28/2013,26.09213966,0.039959208,10.066783
7/29/2013,25.474105,0.067533483,9.41869111
7/30/2013,27.03957027,0.071286221,9.696281713
7/31/2013,24.07624694,0.058188456,10.06164915
8/1/2013,26.41044738,0.050115919,10.66990341
8/2/2013,25.45364389,0.051261308,10.24048009
8/3/2013,25.96642363,0.00655883,9.833212633
8/4/2013,24.93297893,0.049604521,9.512917477
8/5/2013,23.7760937,0.019353584,9.226231055
8/6/2013,24.49257887,0.0528706,9.685436882
8/7/2013,25.63977731,0.027859797,10.00354977
8/8/2013,24.76893982,0.079552671,10.15086621
8/9/2013,27.75964844,0.047751735,9.918489207
8/10/2013,24.54692594,0.019825175,9.586353867
8/11/2013,23.22936971,0.03832447,10.46174861
8/12/2013,25.91629638,0.075356697,9.157533859
8/13/2013,27.62957296,0.052160079,10.33955814
8/14/2013,24.80659962,0.056883211,10.03156193
8/15/2013,25.48277409,0.078732177,10.07423013
8/16/2013,25.46732246,0.025161915,10.55241688
8/17/2013,24.46840868,0.025556371,10.55185941
8/18/2013,24.92927488,0.065292482,10.58613515
8/19/2013,25.25417434,0.065478184,9.482073026
8/20/2013,26.38359779,0.059613942,9.581215943
8/21/2013,25.39842408,0.067517691,10.53265765
8/22/2013,25.84001956,0.05083788,9.319494482
8/23/2013,25.93194257,0.046896447,11.2015493
8/24/2013,27.14743526,0.069510894,10.21189244
8/25/2013,27.21571578,0.066546585,10.66185818
8/26/2013,26.06931914,0.031150647,9.705950898
8/27/2013,23.02310973,0.0820088,9.518513057
8/28/2013,26.5163961,0.057489315,11.40836629
8/29/2013,26.50155414,0.024219352,9.000807163
8/30/2013,27.51073272,0.034036397,10.30732359
8/31/2013,29.2106296,0.022692536,9.930732746
9/1/2013,24.47054634,0.073280645,9.957121306
9/2/2013,26.16788379,0.048932049,9.866944877
9/3/2013,24.42721049,0.029261792,9.463781919
9/4/2013,23.12934988,0.025510516,10.57584593
9/5/2013,23.26702966,0.036929133,10.71615175
9/6/2013,24.28312618,0.049808779,10.71790955
9/7/2013,21.69130119,0.047473292,10.31369237
9/8/2013,23.57663219,0.070463678,9.053961241
9/9/2013,25.04230421,0.063517393,10.68393646
9/10/2013,22.98724592,0.091239417,8.766307313
9/11/2013,25.4164665,0.068869362,9.455763456
9/12/2013,23.29664247,0.073824787,11.26349113
9/13/2013,25.36573751,0.065521526,9.785300023
9/14/2013,24.98258422,0.051821522,9.721156738
9/15/2013,26.72618574,0.01945942,10.12483309
9/16/2013,21.92329243,0.05309443,9.506855386
9/17/2013,25.80315222,0.036465161,9.674600911
9/18/2013,29.00730216,0.027822559,10.01070227
9/19/2013,24.42506366,0.044934875,10.20813791
9/20/2013,24.13131507,0.018123011,9.370989543
9/21/2013,25.40710107,0.045511438,9.704667798
9/22/2013,23.12566858,0.045734209,9.210692959
9/23/2013,23.50965362,0.057805725,10.15049369
9/24/2013,23.03981018,0.058628073,10.3135659
9/25/2013,24.53823868,0.089871798,9.184916391
9/26/2013,24.4010742,0.054374753,9.772450854
9/27/2013,20.10501836,0.078103934,10.02485971
9/28/2013,24.02155141,0.076212126,10.93193308
9/29/2013,23.49307591,0.04616907,10.85289765
9/30/2013,26.8004523,0.018311418,9.76692086
10/1/2013,24.87324314,0.086616517,10.37757028
10/2/2013,24.48059475,0.039332893,9.277410039
10/3/2013,25.99104702,0.038235763,9.958768478
10/4/2013,24.91850873,0.038735808,10.62975551
10/5/2013,25.32680637,0.063570532,9.631837638
10/6/2013,24.71064708,0.055857237,10.41289138
10/7/2013,23.78836948,0.083581065,10.75010437
10/8/2013,27.62343485,0.056207134,9.995668078
10/9/2013,22.99560339,0.054478023,10.04661117
10/10/2013,23.18017959,0.015722958,10.32143657
10/11/2013,22.69208697,0.092320963,9.537997547
10/12/2013,24.76253691,0.052257743,9.5550593
10/13/2013,27.38398274,0.075565817,10.3174114
10/14/2013,25.88342735,0.038666235,9.941228002
10/15/2013,23.78829268,0.090218134,9.862553643
10/16/2013,26.48017198,0.050749354,9.978307385
10/17/2013,23.24288205,0.066155397,9.113637346
10/18/2013,26.09716408,0.072334506,10.40992476
10/19/2013,27.67884318,0.052694194,10.70375489
10/20/2013,24.07622335,0.062625688,10.16185455
10/21/2013,24.05906141,0.033948656,10.20995167
10/22/2013,27.8959621,0.065764469,10.00582018
10/23/2013,26.02360452,0.047024089,10.56634861
10/24/2013,24.48549079,0.058174023,9.995894257
10/25/2013,25.57696635,0.059284847,9.631232899
10/26/2013,26.46674687,0.040959385,10.24377016
10/27/2013,28.34045324,0.041608361,10.47181095
10/28/2013,25.3680029,0.066202346,9.617249167
10/29/2013,26.53763082,0.050616211,10.20303473
10/30/2013,22.33563487,0.067181462,10.21994648
10/31/2013,25.08349722,0.017512558,9.717443498
11/1/2013,30.03212773,0.089735121,9.801492814
11/2/2013,26.73694337,0.086567293,10.16726727
11/3/2013,22.89247798,0.032619247,9.847465573
11/4/2013,24.3447562,0.065105845,9.819476788
11/5/2013,23.96461597,0.060381934,10.40452198
11/6/2013,23.84333857,0.066630386,9.356236757
11/7/2013,20.62850855,0.038486002,9.940059396
11/8/2013,24.78532836,0.038014393,9.710237406
11/9/2013,23.67528597,0.031665033,10.41523378
11/10/2013,29.04015881,0.053629883,10.00157268
11/11/2013,27.17439979,0.080998822,8.947819681
11/12/2013,26.13059147,0.052663203,9.595680608
11/13/2013,26.45514536,0.042244744,10.49270262
11/14/2013,24.82177987,0.055653362,9.875076242
11/15/2013,26.73729829,0.033244002,9.808660706
11/16/2013,25.33082518,0.091732336,10.76255215
11/17/2013,24.48003328,0.077266525,8.931055538
11/18/2013,24.93427405,0.097539321,9.703101243
11/19/2013,24.83236814,0.02804774,10.08397007
11/20/2013,25.60135556,0.044262368,10.28865633
11/21/2013,27.39769013,0.047239484,10.9530693
11/22/2013,23.33371745,0.064034235,10.00771932
11/23/2013,22.1214815,0.065672919,9.492845844
11/24/2013,28.46182297,0.03209817,10.30457796
11/25/2013,24.22381691,0.110641665,9.861927767
11/26/2013,28.35199946,0.045565171,10.2456908
11/27/2013,22.13011116,0.028954079,10.00878992
11/28/2013,22.33973594,0.035712826,10.30030254
11/29/2013,26.53860588,0.100945416,10.99870222
11/30/2013,23.26132734,0.058069941,10.01864543
12/1/2013,23.49853163,0.042501984,9.214589261
12/2/2013,26.04575995,0.039616586,10.49936348
12/3/2013,28.25842704,0.061176558,10.12152791
12/4/2013,23.8072476,0.0698538,9.975399498
12/5/2013,25.46117005,0.079348083,10.09389989
12/6/2013,26.60915531,0.020708979,10.61932465
12/7/2013,20.98322797,0.00737857,10.68520613
12/8/2013,25.13255727,0.073405401,10.02594025
12/9/2013,23.7437865,0.068700298,10.20315081
12/10/2013,25.08308929,-0.006861248,9.975590136
12/11/2013,23.61221157,0.027158765,10.49071109
12/12/2013,24.97957383,0.030743449,9.617482326
12/13/2013,24.98248262,0.068734344,10.01711948
12/14/2013,23.32004351,0.063214655,10.19406312
12/15/2013,28.88683633,0.015365232,10.59784189
12/16/2013,25.49000878,0.042272242,9.293207837
12/17/2013,26.0274909,0.069545181,10.03715102
12/18/2013,26.3559706,0.079703191,10.70079903
12/19/2013,21.67194209,0.04850732,10.17098854
12/20/2013,23.75040275,0.038482429,10.07229386
12/21/2013,26.1186251,0.053430874,10.44397498
12/22/2013,23.69253714,0.063349426,9.909250311
12/23/2013,24.22105155,0.07113301,10.33400147
12/24/2013,23.97360896,0.097230464,9.918306635
12/25/2013,22.93091628,0.041704219,9.558365633
12/26/2013,24.34944065,0.06145752,10.97661326
12/27/2013,28.90278155,0.075031265,9.624813492
12/28/2013,24.01300969,0.036392702,9.595984598
12/29/2013,22.77549199,0.015783361,10.90968258
12/30/2013,24.25575717,0.041342879,9.959602036
12/31/2013,26.38975871,0.018479269,10.45927535
1/1/2014,24.5981641,0.065458996,9.578329037
1/2/2014,26.17176386,0.052734146,10.39015427
1/3/2014,27.58132342,0.060904492,10.18132773
1/4/2014,27.73376063,0.052046964,10.19119597
1/5/2014,29.87607157,0.01554838,10.37165567
1/6/2014,24.45745689,0.039668403,9.755453852
1/7/2014,28.59448773,0.068898555,10.54959903
1/8/2014,23.27638181,0.061769785,10.07283393
1/9/2014,24.89169781,0.062632414,10.27699098
1/10/2014,26.48435315,0.070287855,10.08876299
1/11/2014,25.44331228,0.071893293,10.67527639
1/12/2014,27.58937239,0.014150541,9.850516964
1/13/2014,26.65089212,0.03356409,11.02489389
1/14/2014,26.43188447,0.041248319,10.44321032
1/15/2014,21.00196457,0.062401554,8.681528725
1/16/2014,25.48757846,0.016669917,10.71577706
1/17/2014,23.51410835,0.019753564,9.595444053
1/18/2014,24.5588461,0.0576934,10.01568655
1/19/2014,23.92862906,-0.010937553,10.01721982
1/20/2014,24.40098453,0.061296838,9.587747525
1/21/2014,23.54504373,0.042066462,9.839232248
1/22/2014,24.56303845,-3.50E-05,9.96467371
1/23/2014,21.95334802,0.099898127,9.75016171
1/24/2014,27.33070799,0.042989442,10.65088811
1/25/2014,20.07158302,0.067081257,9.421910291
1/26/2014,22.33734016,0.087201216,9.977777754
1/27/2014,24.85554952,0.095391801,9.816851265
1/28/2014,26.50214798,0.07715025,10.65501125
1/29/2014,21.82209949,0.009089688,10.68507808
1/30/2014,29.82644861,0.062681048,10.05747684
1/31/2014,25.6328588,0.05115531,10.33399122
2/1/2014,26.71848819,0.022840394,9.835075347
2/2/2014,26.63506603,0.056295501,10.19248584
2/3/2014,27.6832732,0.053348459,9.784021444
2/4/2014,24.69869843,0.037850666,9.62938859
2/5/2014,24.00369215,0.035782365,10.60793361
2/6/2014,24.36076963,0.088849835,10.29580846
2/7/2014,26.20146013,0.050410914,9.720069966
2/8/2014,25.1475977,0.039685918,10.11843661
2/9/2014,23.60542091,0.038293315,9.545901524
2/10/2014,24.45062308,0.048178164,10.03002704
2/11/2014,21.69798874,0.060473982,11.06328886
2/12/2014,26.38430015,0.056233938,9.81523153
2/13/2014,26.71355078,0.037935141,9.560524645
2/14/2014,23.13076402,0.041514282,9.026131926
2/15/2014,24.66441107,0.034713326,11.09303076
2/16/2014,26.4542576,0.081014095,10.46186762
2/17/2014,23.73286266,0.007448577,9.962816324
2/18/2014,24.84614918,0.046057062,10.01584709
2/19/2014,23.66264862,0.051614866,10.00308264
2/20/2014,26.38080321,0.030124467,9.691661897
2/21/2014,22.81262223,0.043611761,10.5059801
2/22/2014,27.03985013,0.056144787,9.457492158
2/23/2014,18.48395953,0.019909581,9.58707667
2/24/2014,25.94344693,0.042645724,10.12454368
2/25/2014,24.89540094,0.048392929,9.329250556
2/26/2014,21.68979151,0.029897014,10.16689835
2/27/2014,27.94702651,0.081541123,10.33185772
2/28/2014,24.68535145,0.080277066,9.379661613
3/1/2014,25.06183508,0.030923709,10.36667581
3/2/2014,23.68167203,0.066812628,10.06877275
3/3/2014,26.37395351,0.086546783,9.927342594
3/4/2014,26.85539308,0.082934831,10.16198013
3/5/2014,23.57985574,0.060653643,10.05303982
3/6/2014,26.46981798,0.012145841,9.987923099
3/7/2014,28.74236224,0.06347751,9.129507053
3/8/2014,26.26628261,0.03119487,9.995954514
3/9/2014,23.96411272,0.072946935,10.14615756
3/10/2014,24.02316068,0.075276738,10.02942747
3/11/2014,20.69631109,0.057132259,9.700425766
3/12/2014,25.07193107,0.017288816,9.664161924
3/13/2014,23.21356687,0.072631198,9.756271959
3/14/2014,23.9393579,0.039813788,9.462223769
3/15/2014,24.16129703,0.056436048,10.90130855
3/16/2014,25.74383541,0.030824176,9.831671582
3/17/2014,26.77761419,0.045774816,9.268109146
3/18/2014,24.11240181,0.062001882,9.681395456
3/19/2014,26.48474829,0.038826524,10.19652581
3/20/2014,25.66314197,0.044681415,10.21170275
3/21/2014,22.22723446,0.052630805,9.275992544
3/22/2014,27.6486771,0.034118082,10.10919023
3/23/2014,25.80041957,0.097194789,9.790166328
3/24/2014,21.62546814,0.052192314,10.51081809
3/25/2014,22.73827897,0.084008018,9.923229697
3/26/2014,20.88751043,0.025688855,10.28793928
3/27/2014,25.78368917,0.035504926,9.857379716
3/28/2014,22.23465835,0.038312262,10.30518249
3/29/2014,22.11619961,0.060772406,10.17642571
3/30/2014,24.31535805,0.037026242,10.52382952
3/31/2014,26.5876074,0.046406698,9.3431726
4/1/2014,23.59409882,0.017985617,9.830146224
4/2/2014,23.86527068,0.029341257,10.91775888
4/3/2014,26.2467359,0.039984372,8.880818394
4/4/2014,26.20101711,0.057878352,10.04273554
4/5/2014,25.88516884,0.058837907,10.5299021
4/6/2014,21.99286197,0.045016095,10.30129379
4/7/2014,27.08369105,0.076442234,10.34364654
4/8/2014,24.44921632,0.038419559,9.296371848
4/9/2014,25.08695988,0.032606605,10.05678734
4/10/2014,23.79396821,0.067077327,10.80709542
4/11/2014,28.43102332,0.031685957,9.975990947
4/12/2014,31.42887347,0.050166063,10.03149338
4/13/2014,22.92932887,0.039210631,9.914172845
4/14/2014,26.56302578,0.051946524,9.664987847
4/15/2014,25.79151102,0.025968428,10.21674456
4/16/2014,23.22191819,0.049611723,10.02482746
4/17/2014,26.43857867,0.073862784,9.696640794
4/18/2014,26.72660454,0.027845979,10.11815217
4/19/2014,18.98133208,0.032841846,9.809346301
4/20/2014,27.00853121,0.055653427,9.911468524
4/21/2014,25.77162303,0.031712217,10.55687379
4/22/2014,24.49296129,0.03959171,9.974306621
4/23/2014,26.1017649,0.029233351,10.43821236
4/24/2014,23.78103811,0.036176032,9.936448589
4/25/2014,21.89298811,0.056722931,10.31841996
4/26/2014,24.89927694,0.056817425,9.447544251
4/27/2014,24.81613868,0.026666918,10.569437
4/28/2014,23.67015755,0.069326577,9.462146331
4/29/2014,26.34637676,0.071815151,10.04477639
4/30/2014,24.84044777,0.030321991,10.70141096
5/1/2014,26.76209569,0.029085178,10.34841287
5/2/2014,27.10658147,0.069242977,10.2049494
5/3/2014,26.23754004,0.039143778,9.709698106
5/4/2014,25.98639259,0.010177457,10.43720282
5/5/2014,23.84454251,0.05178094,10.466749
5/6/2014,25.02757339,0.058245615,9.399058328
5/7/2014,24.13991141,0.068466534,10.00545718
5/8/2014,23.21212892,0.057316962,9.969548664
5/9/2014,25.1161572,0.037173366,10.20538369
5/10/2014,19.57133274,0.014378248,9.427656277
5/11/2014,26.26612365,0.048411061,9.788519875
5/12/2014,26.24375529,0.070998413,10.09147476
5/13/2014,27.51799189,0.052878735,9.470325277
5/14/2014,25.06221543,0.044782717,10.09239198
5/15/2014,24.99355802,0.033314869,9.529093861
5/16/2014,25.27463208,0.080452989,9.717764896
5/17/2014,25.67382645,0.069117306,9.365506832
5/18/2014,24.26533834,0.062402486,9.496061033
5/19/2014,23.41385064,0.06210917,11.02180585
5/20/2014,25.75087816,0.058447365,9.742897035
5/21/2014,24.78311879,0.033575755,10.72412078
5/22/2014,24.78063583,0.052457476,11.10045112
5/23/2014,28.25363529,0.060727574,9.667925446
5/24/2014,23.82483436,0.059532839,9.11682781
5/25/2014,23.19586777,0.061661658,9.252853605
5/26/2014,22.37482281,0.039176104,10.87600228
5/27/2014,28.4363118,0.041753883,9.73597652
5/28/2014,21.5683043,0.044502418,10.82270614
5/29/2014,26.9878417,0.059201647,9.857181449
5/30/2014,25.01054122,0.052247002,9.348360315
5/31/2014,22.32156365,0.050887479,9.588081584
6/1/2014,23.17709606,0.030313214,10.30375587
6/2/2014,23.79655362,0.039959117,10.5807147
6/3/2014,26.62978644,0.029637227,11.03789854
6/4/2014,24.64357456,0.073704826,9.447429775
6/5/2014,25.41594045,0.009787028,9.932307659
6/6/2014,25.02632648,0.058290949,10.93029941
6/7/2014,23.40505784,0.023503717,10.02701021
6/8/2014,23.55578172,0.028315047,9.523537678
6/9/2014,22.38649544,0.07475281,9.624247181
6/10/2014,22.07986479,0.087813883,9.968667841
6/11/2014,22.52990293,0.047327441,8.951164775
6/12/2014,21.5068052,0.031589296,9.61488639
6/13/2014,25.27506558,0.035462555,10.29748799
6/14/2014,26.94767035,0.036640241,10.39115992
6/15/2014,26.56768771,0.072585954,10.12572531
6/16/2014,27.10518208,0.005726208,10.65850122
6/17/2014,21.18220164,0.073691658,10.51546808
6/18/2014,26.37228233,0.061283419,9.606246226
6/19/2014,24.33316585,0.034969412,9.065118135
6/20/2014,26.60474884,0.047048115,9.67585385
6/21/2014,25.79776512,0.029798731,10.45731878
6/22/2014,27.4053572,0.067675993,10.34743234
6/23/2014,22.68742161,0.036013918,9.694843973
6/24/2014,25.4844944,0.065371204,9.88802556
6/25/2014,25.87976563,0.051658599,9.221126648
6/26/2014,24.3050153,0.063839195,9.637763627
6/27/2014,26.84090029,0.074193381,9.563615806
6/28/2014,23.36912416,0.072971178,10.15822107
6/29/2014,25.00282005,0.052264654,9.937307183
6/30/2014,24.32006556,0.034046538,10.72091415
7/1/2014,27.26455903,0.051196329,10.27533721
7/2/2014,25.33030371,0.041424246,10.87669644
7/3/2014,24.07779835,0.047480872,10.32915897
7/4/2014,21.38826293,0.026626175,9.828032256
7/5/2014,24.05072966,0.042433694,9.614585354
7/6/2014,28.65395088,0.069012749,10.12837615
7/7/2014,26.05046077,0.082727742,9.584464368
7/8/2014,26.01919823,0.060085175,10.18145723
7/9/2014,24.44937172,0.077752,10.88214012
7/10/2014,22.7463804,0.067601946,10.17526866
7/11/2014,22.7373644,0.038230025,11.2288025
7/12/2014,24.67642564,0.029383521,10.28537336
7/13/2014,28.59664703,0.060730677,9.368748107
7/14/2014,24.57240216,0.029050991,9.856811552
7/15/2014,25.24636175,0.048815501,9.731420435
7/16/2014,24.09750214,0.04751358,9.890824636
7/17/2014,26.01287769,0.049006973,10.16570418
7/18/2014,26.66295138,0.052660238,9.512886472
7/19/2014,24.71543881,0.00123933,10.72641405
7/20/2014,28.89434714,0.012549412,10.60249452
7/21/2014,24.05976177,0.074093647,9.716123481
7/22/2014,28.35568483,0.049302259,9.264917762
7/23/2014,25.05861443,0.021849377,9.535465004
7/24/2014,23.85891518,0.030026737,10.73094693
7/25/2014,24.23582431,0.064400723,10.18317445
7/26/2014,28.37235831,0.030229549,9.752837616
7/27/2014,24.09091454,0.043042193,9.791971267
7/28/2014,25.90757136,0.054261223,10.37976429
7/29/2014,21.64499763,0.050085794,9.559006198
7/30/2014,27.8485389,0.038164347,9.551185227
7/31/2014,28.77674373,0.052307716,9.923673774
8/1/2014,22.00038132,0.036639395,9.87824526
8/2/2014,21.46178789,0.064487646,10.15745558
8/3/2014,26.45512398,0.049348767,10.00301878
8/4/2014,21.54328214,0.039841905,9.542804431
8/5/2014,21.70222006,0.033601584,10.00739961
8/6/2014,19.86265257,0.047771505,9.044386781
8/7/2014,24.65388083,0.05791242,9.632188422
8/8/2014,22.54414569,0.033583792,9.922933132
8/9/2014,25.046126,0.043614468,9.304233964
8/10/2014,27.80856558,0.043164873,10.48547924
8/11/2014,21.66764679,0.069852803,10.08630741
8/12/2014,22.16377669,0.040883587,9.32254453
8/13/2014,23.25758969,0.047431762,9.847870809
8/14/2014,23.9197778,0.053993325,10.2371019
8/15/2014,24.57518737,0.091188422,10.28817822
8/16/2014,23.06104073,0.028535757,10.36318523
8/17/2014,25.43597647,0.027052231,9.935760833
8/18/2014,22.64940726,0.044009292,9.993601175
8/19/2014,22.37318024,0.019958703,11.06200862
8/20/2014,25.21051078,0.044582145,9.549430612
8/21/2014,24.72670682,0.061776054,9.317865995
8/22/2014,25.16563434,0.071618885,9.616784524
8/23/2014,23.76403006,0.032457128,10.43126878
8/24/2014,21.49626008,0.050941214,9.855001919
8/25/2014,26.65488471,0.027006143,9.339969765
8/26/2014,24.30646204,0.031922629,9.186305727
8/27/2014,28.23365614,0.077300067,9.918812025
8/28/2014,23.5081198,0.04237801,10.73500046
8/29/2014,23.91231519,0.054267525,10.17218739
8/30/2014,22.51955766,0.037121377,9.914775771
8/31/2014,22.07156045,0.059932263,10.29709558
9/1/2014,24.76713887,0.049860608,9.490698989
9/2/2014,25.19903472,0.057767925,10.01878588
9/3/2014,23.96970047,0.036795001,9.549441404
9/4/2014,24.0955501,0.083388408,10.25436828
9/5/2014,25.11533079,0.034441329,9.85027931
9/6/2014,25.99163979,0.037838389,10.28648391
9/7/2014,28.25385976,0.025376238,9.526930302
9/8/2014,25.01438032,0.035868805,10.15049417
9/9/2014,26.87749589,0.067690534,9.149974276
9/10/2014,22.64651606,0.059588816,11.19687939
9/11/2014,26.87490908,0.054084946,10.09032949
9/12/2014,24.93689366,0.050798255,9.971495201
9/13/2014,26.60126385,0.066313274,9.916418492
9/14/2014,24.26660067,0.044003356,10.25931187
9/15/2014,22.39580005,0.034993861,9.970495323
9/16/2014,25.82143494,0.049754487,9.987059964
9/17/2014,25.70968065,0.070676504,9.492929072
9/18/2014,25.07223814,0.045178657,10.54300026
9/19/2014,23.12163633,0.069527071,10.078002
9/20/2014,25.55297072,0.042333496,9.895137068
9/21/2014,24.96897071,0.012655715,10.10469596
9/22/2014,20.82965338,0.020837218,9.578671648
9/23/2014,26.25804197,0.070037786,10.93509752
9/24/2014,23.4734727,0.062572492,11.23585003
9/25/2014,25.59887903,0.060782301,10.03810548
9/26/2014,25.82346667,0.038990117,10.0267759
9/27/2014,23.82672835,0.064905465,10.26390674
9/28/2014,27.78104349,0.052867239,9.713064746
9/29/2014,25.581343,0.066242336,10.05257165
9/30/2014,25.73925545,0.034100247,11.10616542
10/1/2014,25.78485555,0.061855261,9.70402072
10/2/2014,24.61158627,0.031047381,10.24227981
10/3/2014,26.36452907,0.069867649,9.911291963
10/4/2014,22.43762999,0.070329734,9.538875541
10/5/2014,25.00453108,0.019077706,9.174406656
10/6/2014,24.81174758,0.052262341,9.422442975
10/7/2014,23.03573509,0.069926606,10.82799108
10/8/2014,25.32613235,0.032288273,9.568125033
10/9/2014,26.1346417,0.000984791,9.602510755
10/10/2014,28.08537692,0.026689056,9.470957793
10/11/2014,24.64527815,0.033126696,9.90082512
10/12/2014,23.40943921,0.053435873,9.388665317
10/13/2014,24.5165609,0.063228434,10.47703302
10/14/2014,26.99777995,0.095882103,9.630941653
10/15/2014,25.90297976,0.046017128,9.123339054
10/16/2014,25.25143273,0.068264604,10.78811876
10/17/2014,27.30551843,0.058539134,9.964223693
10/18/2014,27.77929537,0.046195729,9.072460056
10/19/2014,25.38894695,0.061770926,9.394254418
10/20/2014,23.55647852,0.052460122,10.17997923
10/21/2014,25.37173613,0.020412605,9.761393463
10/22/2014,28.08887498,0.015537602,10.84277783
10/23/2014,23.90818986,0.040758396,9.791150364
10/24/2014,24.75261582,0.047073992,9.580109559
10/25/2014,25.31496421,0.051845501,10.51454428
10/26/2014,20.73160383,0.053759742,10.12466642
10/27/2014,23.00053598,0.05152071,9.993270108
10/28/2014,22.78550577,0.046716934,9.680207593
10/29/2014,25.36665115,0.0451446,10.17976337
10/30/2014,24.26558131,0.046557804,9.809920463
10/31/2014,24.99776713,0.045151763,11.41686738
11/1/2014,25.86713613,0.068979851,9.228826234
11/2/2014,24.10383909,0.030169075,10.26607186
11/3/2014,26.67240183,0.035108264,10.24183069
11/4/2014,25.51732649,0.078124994,9.640008881
11/5/2014,26.32636444,0.032521609,10.23115226
11/6/2014,23.3903287,0.066932961,9.716663582
11/7/2014,24.41218029,0.041153635,10.6541284
11/8/2014,21.0652783,0.074073388,9.741235901
11/9/2014,25.46765708,0.04507594,10.95234811
11/10/2014,25.25247623,0.081805546,9.777743452
11/11/2014,27.54007804,0.053349142,10.70584567
11/12/2014,25.40268821,0.032836256,9.968211931
11/13/2014,23.7201165,0.04406238,10.10686324
11/14/2014,22.77180173,0.040509849,10.15071051
11/15/2014,24.38857758,0.048731718,9.604194956
11/16/2014,26.73236646,0.057111332,10.21832647
11/17/2014,24.49521762,0.017403684,10.09358496
11/18/2014,25.57815074,0.041889081,10.58941614
11/19/2014,23.89610682,0.022462609,9.784781316
11/20/2014,24.70321811,0.020792946,9.938714875
11/21/2014,23.95130618,0.06248302,10.21787834
11/22/2014,29.49740851,0.019420403,10.16808564
11/23/2014,23.40014607,0.021624968,9.839064813
,,,
,,,
,,,
,,,
,,,
,,,
,,,
,,,
,,,
,,,
,,,
,,,
,,,
,,,
,,,
,,,
,,,
,,,
,,,
,,,
,,,
,,,
,,,
,,,
,,,
,,,
,,,
,,,
,,,
,,,
,,,
,,,
,,,
,,,
,,,
,,,
,,,
,,,
,,,
,,,
,,,
,,,
,,,
,,,
,,,
,,,
,,,
,,,
,,,
,,,
,,,
,,,
,,,
,,,
,,,
,,,
,,,
,,,
,,,
,,,
,,,
,,,
,,,
,,,
,,,
,,,
,,,
,,,
,,,
,,,
,,,
,,,
,,,
,,,
,,,
,,,
,,,
,,,
,,,
,,,
,,,
,,,
,,,
,,,
,,,
,,,
,,,
,,,
,,,
,,,
,,,
,,,
,,,
,,,
,,,
,,,
,,,
,,,
,,,
,,,
,,,
,,,
,,,
,,,
,,,
,,,
,,,
,,,
,,,
,,,
,,,
,,,
,,,
,,,
,,,
,,,
,,,
,,,
,,,
,,,
,,,
,,,
,,,
,,,
,,,
,,,
,,,
,,,
,,,
,,,
,,,
,,,
,,,
,,,
,,,
,,,
,,,
,,,
,,,
,,,
,,,
,,,
,,,
,,,
,,,
,,,
,,,
,,,
,,,
,,,
,,,
,,,
,,,
,,,
,,,
,,,
,,,
,,,
,,,
,,,
,,,
,,,
,,,
,,,
,,,
,,,
,,,
,,,
,,,
,,,
,,,
,,,
,,,
,,,
,,,
,,,
,,,
,,,
,,,
,,,
,,,
,,,
,,,
,,,
,,,
,,,
,,,
,,,
,,,
,,,
,,,
,,,
,,,
,,,
,,,
,,,
,,,
,,,
,,,
,,,
,,,
,,,
,,,
,,,
,,,
,,,
,,,
,,,
,,,
,,,
,,,
,,,
,,,
,,,
,,,
,,,
,,,
,,,
,,,
,,,
,,,
,,,
,,,
,,,
,,,
,,,
,,,
,,,
,,,
,,,
,,,
,,,
,,,
,,,
,,,
,,,
,,,
,,,
,,,
,,,
,,,
,,,
,,,
,,,
,,,
,,,
,,,
,,,
,,,
,,,
,,,
,,,
,,,
,,,
,,,
,,,
,,,
,,,
,,,
,,,
,,,
,,,
,,,
,,,
,,,
,,,
,,,
,,,
,,,
,,,
,,,
,,,
,,,
,,,
,,,
,,,
,,,
,,,
,,,
,,,
,,,
,,,
,,,
,,,
,,,
,,,
,,,
,,,
,,,
,,,
,,,
,,,
,,,
,,,
,,,
,,,
,,,
,,,
,,,
,,,
,,,
,,,
,,,
,,,
,,,
,,,
,,,
,,,
,,,
,,,
,,,
,,,
,,,
,,,
,,,
,,,
,,,
,,,
,,,
,,,
,,,
,,,
,,,
,,,
,,,
,,,
,,,
,,,
,,,
,,,
,,,
,,,
,,,
,,,
,,,
,,,
,,,
,,,
,,,
,,,
,,,
,,,
,,,
,,,
,,,
,,,
,,,
,,,
,,,
,,,
,,,
,,,
,,,
,,,
,,,
,,,
,,,
,,,
,,,
,,,
,,,
,,,
,,,
,,,
,,,
,,,
,,,
,,,
,,,
,,,
,,,
,,,
,,,
,,,
,,,
,,,
,,,
,,,
,,,
,,,
,,,
,,,
,,,
,,,
,,,
,,,
,,,
,,,
,,,
,,,
,,,
,,,
,,,
,,,
,,,
,,,
,,,
,,,
,,,
,,,
,,,
,,,
,,,
,,,
,,,
,,,
,,,
,,,
,,,
,,,
,,,
,,,
,,,
,,,
,,,
,,,
,,,
,,,
,,,
,,,
,,,
,,,
,,,
,,,
,,,
,,,
,,,
,,,
,,,
,,,
,,,
,,,
,,,
,,,
,,,
,,,
,,,
,,,
,,,
,,,
,,,
,,,
,,,
,,,
,,,
,,,
,,,
,,,
,,,
,,,
,,,
,,,
,,,
,,,
,,,
,,,
,,,
,,,
,,,
,,,
,,,
,,,
,,,
,,,
,,,
,,,
,,,
,,,
,,,
,,,
,,,
,,,
,,,
,,,
,,,
,,,
,,,
,,,
,,,
,,,
,,,
,,,
,,,
,,,
,,,
,,,
,,,
,,,
,,,
,,,
,,,
,,,
,,,
,,,
,,,
,,,
,,,
,,,
,,,
,,,
,,,
,,,
,,,
,,,
,,,
,,,
,,,
,,,
,,,
,,,
,,,
,,,
,,,
,,,
,,,
,,,
,,,
,,,
,,,
,,,
,,,
,,,
,,,
,,,
,,,
,,,
,,,
,,,
,,,
,,,
,,,
,,,
,,,
,,,
,,,
,,,
,,,
,,,
,,,
,,,
,,,
,,,
,,,
,,,
,,,
,,,
,,,
,,,
,,,
,,,
,,,
,,,
,,,
,,,
,,,
,,,
,,,
,,,
,,,
,,,
,,,
,,,
,,,
,,,
,,,
,,,
,,,
,,,
,,,
,,,
,,,
,,,
,,,
,,,
,,,
,,,
,,,
,,,
,,,
,,,
,,,
,,,
,,,
,,,
,,,
,,,
,,,
,,,
,,,
,,,
,,,
,,,
,,,
,,,
,,,
,,,
,,,
,,,
,,,
,,,
,,,
,,,
,,,
,,,
,,,
,,,
,,,
,,,
,,,
,,,
,,,
,,,
,,,
,,,
,,,
,,,
,,,
,,,
,,,
,,,
,,,
,,,
,,,
,,,
,,,
,,,
,,,
,,,
,,,
,,,
,,,
,,,
,,,
,,,
,,,
,,,
,,,
,,,
,,,
,,,
,,,
,,,
,,,
,,,
,,,
,,,
,,,
,,,
,,,
,,,
,,,
,,,
,,,
,,,
,,,
,,,
,,,
,,,
,,,
,,,
,,,
,,,
,,,
,,,
,,,
,,,
,,,
,,,
,,,
,,,
,,,
,,,
,,,
,,,
,,,
,,,
,,,
,,,
,,,
,,,
,,,
,,,
,,,
,,,
,,,
,,,
,,,
,,,
,,,
,,,
,,,
,,,
,,,
,,,
,,,
,,,
,,,
,,,
,,,
,,,
,,,
,,,
,,,
,,,
,,,
,,,
,,,
,,,
,,,
,,,
,,,
,,,
,,,
,,,
,,,
,,,
,,,
,,,
,,,
,,,
,,,
,,,
,,,
,,,
,,,
,,,
,,,
,,,
,,,
,,,
,,,
,,,
,,,
,,,
,,,
,,,
,,,
,,,
,,,
,,,
,,,
,,,
,,,
,,,
,,,
,,,
,,,
,,,
,,,
,,,
,,,
,,,
,,,
,,,
,,,
,,,
,,,
,,,
,,,
,,,
,,,
,,,
,,,
,,,
,,,
,,,
,,,
,,,
,,,
,,,
,,,
,,,
,,,
,,,
,,,
,,,
,,,
,,,
,,,
,,,
,,,
,,,
,,,
,,,
,,,
,,,
,,,
,,,
,,,
,,,
,,,
,,,
,,,
,,,
,,,
,,,
,,,
,,,
,,,
,,,
,,,
,,,
,,,
,,,
,,,
,,,
,,,
,,,
,,,
,,,
,,,
,,,
,,,
,,,
,,,
,,,
,,,
,,,
,,,
,,,
,,,
,,,
,,,
,,,
,,,
,,,
,,,
,,,
,,,
,,,
,,,
,,,
,,,
,,,
,,,
,,,
,,,
,,,
,,,
,,,
,,,
,,,
,,,
,,,
,,,
,,,
,,,
,,,
,,,
,,,
,,,
,,,
,,,
,,,
,,,
,,,
,,,
,,,
,,,
,,,
,,,
,,,
,,,
,,,
,,,
,,,
,,,
,,,
,,,
,,,
,,,
,,,
,,,
,,,
,,,
,,,
,,,
,,,
,,,
,,,
,,,
,,,
,,,
,,,
,,,
,,,
,,,
,,,
,,,
,,,
,,,
,,,
,,,
,,,
,,,
,,,
,,,
,,,
,,,
,,,
,,,
,,,
,,,
,,,
,,,
,,,
,,,
,,,
,,,
,,,
,,,
,,,
,,,
,,,
,,,
,,,
,,,
,,,
,,,
,,,
,,,
,,,
,,,
,,,
,,,
,,,
,,,
,,,
,,,
,,,
,,,
,,,
,,,
,,,
,,,
,,,
,,,
,,,
,,,
,,,
,,,
,,,
,,,
,,,
,,,
,,,
,,,
,,,
,,,
,,,
,,,
,,,
,,,
,,,
,,,
,,,
,,,
,,,
,,,
,,,
,,,
,,,
,,,
,,,
,,,
,,,
,,,
,,,
,,,
,,,
,,,
,,,
,,,
,,,
,,,
,,,
,,,
,,,
,,,
,,,
,,,
,,,
,,,
,,,
,,,
,,,
,,,
,,,
,,,
,,,
,,,
,,,
,,,
,,,
,,,
,,,
,,,
,,,
,,,
,,,
,,,
,,,
,,,
,,,
,,,
,,,
,,,
,,,
,,,
,,,
,,,
,,,
,,,
,,,
,,,
,,,
,,,
,,,
,,,
,,,
,,,
,,,
,,,
,,,
,,,
,,,
,,,
,,,
,,,
,,,
,,,
,,,
,,,
,,,
,,,
,,,
,,,
,,,
,,,
,,,
,,,
,,,
,,,
,,,
,,,
,,,
,,,
,,,
,,,
,,,
,,,
,,,
,,,
,,,
,,,
,,,
,,,
,,,
,,,
,,,
,,,
,,,
,,,
,,,
,,,
,,,
,,,
,,,
,,,
,,,
,,,
,,,
,,,
,,,
,,,
,,,
,,,
,,,
,,,
,,,
,,,
,,,
,,,
,,,
,,,
,,,
,,,
,,,
,,,
,,,
,,,
,,,
,,,
,,,
,,,
,,,
,,,
,,,
,,,
,,,
,,,
,,,
,,,
,,,
,,,
,,,
,,,
,,,
,,,
,,,
,,,
,,,
,,,
,,,
,,,
,,,
,,,
,,,
,,,
,,,
,,,
,,,
,,,
,,,
,,,
,,,
,,,
,,,
,,,
,,,
,,,
,,,
,,,
,,,
,,,
,,,
,,,
,,,
,,,
,,,
,,,
,,,
,,,
,,,
,,,
,,,
,,,
,,,
,,,
,,,
,,,
,,,
,,,
,,,
,,,
,,,
,,,
,,,
,,,
,,,
,,,
,,,
,,,
,,,
,,,
,,,
,,,
,,,
,,,
,,,
,,,
,,,
,,,
,,,
,,,
,,,
,,,
,,,
,,,
,,,
,,,
,,,
,,,
,,,
,,,
,,,
,,,
,,,
,,,
,,,
,,,
,,,
,,,
,,,
,,,
,,,
,,,
,,,
,,,
,,,
,,,
,,,
,,,
,,,
,,,
,,,
,,,
,,,
,,,
,,,
,,,
,,,
,,,
,,,
,,,
,,,
,,,
,,,
,,,
,,,
,,,
,,,
,,,
,,,
,,,
,,,
,,,
,,,
,,,
,,,
,,,
,,,
,,,
,,,
,,,
,,,
,,,
,,,
,,,
,,,
,,,
,,,
,,,
,,,
,,,
,,,
,,,
,,,
,,,
,,,
,,,
,,,
,,,
,,,
,,,
,,,
,,,
,,,
,,,
,,,
,,,
,,,
,,,
,,,
,,,
,,,
,,,
,,,
,,,
,,,
,,,
,,,
,,,
,,,
,,,
,,,
,,,
,,,
,,,
,,,
,,,
,,,
,,,
,,,
,,,
,,,
,,,
,,,
,,,
,,,
,,,
,,,
,,,
,,,
,,,
,,,
,,,
,,,
,,,
,,,
,,,
,,,
,,,
,,,
,,,
,,,
,,,
,,,
,,,
,,,
,,,
,,,
,,,
,,,
,,,
,,,
,,,
,,,
,,,
,,,
,,,
,,,
,,,
,,,
,,,
,,,
,,,
,,,
,,,
,,,
,,,
,,,
,,,
,,,
,,,
,,,
,,,
,,,
,,,
,,,
,,,
,,,
,,,
,,,
,,,
,,,
,,,
,,,
,,,
,,,
,,,
,,,
,,,
,,,
,,,
,,,
,,,
,,,
,,,
,,,
,,,
,,,
,,,
,,,
,,,
,,,
,,,
,,,
,,,
,,,
,,,
,,,
,,,
,,,
,,,
,,,
,,,
,,,
,,,
,,,
,,,
,,,
,,,
,,,
,,,
,,,
,,,
,,,
,,,
,,,
,,,
,,,
,,,
,,,
,,,
,,,
,,,
,,,
,,,
,,,
,,,
,,,
,,,
,,,
,,,
,,,
,,,
,,,
,,,
,,,
,,,
,,,
,,,
,,,
,,,
,,,
,,,
,,,
,,,
,,,
,,,
,,,
,,,
,,,
,,,
,,,
,,,
,,,
,,,
,,,
,,,
,,,
,,,
,,,
,,,
,,,
,,,
,,,
,,,
,,,
,,,
,,,
,,,
,,,
,,,
,,,
,,,
,,,
,,,
,,,
,,,
,,,
,,,
,,,
,,,
,,,
,,,
,,,
,,,
,,,
,,,
,,,
,,,
,,,
,,,
,,,
,,,
,,,
,,,
,,,
,,,
,,,
,,,
,,,
,,,
,,,
,,,
,,,
,,,
,,,
,,,
,,,
,,,
,,,
,,,
,,,
,,,
,,,
,,,
,,,
,,,
,,,
,,,
,,,
,,,
,,,
,,,
,,,
,,,
,,,
,,,
,,,
,,,
,,,
,,,
,,,
,,,
,,,
,,,
,,,
,,,
,,,
,,,
,,,
,,,
,,,
,,,
,,,
,,,
,,,
,,,
,,,
,,,
,,,
,,,
,,,
,,,
,,,
,,,
,,,
,,,
,,,
,,,
,,,
,,,
,,,
,,,
,,,
,,,
,,,
,,,
,,,
,,,
,,,
,,,
,,,
,,,
,,,
,,,
,,,
,,,
,,,
,,,
,,,
,,,
,,,
,,,
,,,
,,,
,,,
,,,
,,,
,,,
,,,
,,,
,,,
,,,
,,,
,,,
,,,
,,,
,,,
,,,
,,,
,,,
,,,
,,,
,,,
,,,
,,,
,,,
,,,
,,,
,,,
,,,
,,,
,,,
,,,
,,,
,,,
,,,
,,,
,,,
,,,
,,,
,,,
,,,
,,,
,,,
,,,
,,,
,,,
,,,
,,,
,,,
,,,
,,,
,,,
,,,
,,,
,,,
,,,
,,,
,,,
,,,
,,,
,,,
,,,
,,,
,,,
,,,
,,,
,,,
,,,
,,,
,,,
,,,
,,,
,,,
,,,
,,,
,,,
,,,
,,,
,,,
,,,
,,,
,,,
,,,
,,,
,,,
,,,
,,,
,,,
,,,
,,,
,,,
,,,
,,,
,,,
,,,
,,,
,,,
,,,
,,,
,,,
,,,
,,,
,,,
,,,
,,,
,,,
,,,
,,,
,,,
,,,
,,,
,,,
,,,
,,,
,,,
,,,
,,,
,,,
,,,
,,,
,,,
,,,
,,,
,,,
,,,
,,,
,,,
,,,
,,,
,,,
,,,
,,,
,,,
,,,
,,,
,,,
,,,
,,,
,,,
,,,
,,,
,,,
,,,
,,,
,,,
,,,
,,,
,,,
,,,
,,,
,,,
,,,
,,,
,,,
,,,
,,,
,,,
,,,
,,,
,,,
,,,
,,,
,,,
,,,
,,,
,,,
,,,
,,,
,,,
,,,
,,,
,,,
,,,
,,,
,,,
,,,
,,,
,,,
,,,
,,,
,,,
,,,
,,,
,,,
,,,
,,,
,,,
,,,
,,,
,,,
,,,
,,,
,,,
,,,
,,,
,,,
,,,
,,,
,,,
,,,
,,,
,,,
,,,
,,,
,,,
,,,
,,,
,,,
,,,
,,,
,,,
,,,
,,,
,,,
,,,
,,,
,,,
,,,
,,,
,,,
,,,
,,,
,,,
,,,
,,,
,,,
,,,
,,,
,,,
,,,
,,,
,,,
,,,
,,,
,,,
,,,
,,,
,,,
,,,
,,,
,,,
,,,
,,,
,,,
,,,
,,,
,,,
,,,
,,,
,,,
,,,
,,,
,,,
,,,
,,,
,,,
,,,
,,,
,,,
,,,
,,,
,,,
,,,
,,,
,,,
,,,
,,,
,,,
,,,
,,,
,,,
,,,
,,,
,,,
,,,
,,,
,,,
,,,
,,,
,,,
,,,
,,,
,,,
,,,
,,,
,,,
,,,
,,,
,,,
,,,
,,,
,,,
,,,
,,,
,,,
,,,
,,,
,,,
,,,
,,,
,,,
,,,
,,,
,,,
,,,
,,,
,,,
,,,
,,,
,,,
,,,
,,,
,,,
,,,
,,,
,,,
,,,
,,,
,,,
,,,
,,,
,,,
,,,
,,,
,,,
,,,
,,,
,,,
,,,
,,,
,,,
,,,
,,,
,,,
,,,
,,,
,,,
,,,
,,,
,,,
,,,
,,,
,,,
,,,
,,,
,,,
,,,
,,,
,,,
,,,
,,,
,,,
,,,
,,,
,,,
,,,
,,,
,,,
,,,
,,,
,,,
,,,
,,,
,,,
,,,
,,,
,,,
,,,
,,,
,,,
,,,
,,,
,,,
,,,
,,,
,,,
,,,
,,,
,,,
,,,
,,,
,,,
,,,
,,,
,,,
,,,
,,,
,,,
,,,
,,,
,,,
,,,
,,,
,,,
,,,
,,,
,,,
,,,
,,,
,,,
,,,
,,,
,,,
,,,
,,,
,,,
,,,
,,,
,,,
,,,
,,,
,,,
,,,
,,,
,,,
,,,
,,,
,,,
,,,
,,,
,,,
,,,
,,,
,,,
,,,
,,,
,,,
,,,
,,,
,,,
,,,
,,,
,,,
,,,
,,,
,,,
,,,
,,,
,,,
,,,
,,,
,,,
,,,
,,,
,,,
,,,
,,,
,,,
,,,
,,,
,,,
,,,
,,,
,,,
,,,
,,,
,,,
,,,
,,,
,,,
,,,
,,,
,,,
,,,
,,,
,,,
,,,
,,,
,,,
,,,
,,,
,,,
,,,
,,,
,,,
,,,
,,,
,,,
,,,
,,,
,,,
,,,
,,,
,,,
,,,
,,,
,,,
,,,
,,,
,,,
,,,
,,,
,,,
,,,
,,,
,,,
,,,
,,,
,,,
,,,
,,,
,,,
,,,
,,,
,,,
,,,
,,,
,,,
,,,
,,,
,,,
,,,
,,,
,,,
,,,
,,,
,,,
,,,
,,,
,,,
,,,
,,,
,,,
,,,
,,,
,,,
,,,
,,,
,,,
,,,
,,,
,,,
,,,
,,,
,,,
,,,
,,,
,,,
,,,
,,,
,,,
,,,
,,,
,,,
,,,
,,,
,,,
,,,
,,,
,,,
,,,
,,,
,,,
,,,
,,,
,,,
,,,
,,,
,,,
,,,
,,,
,,,
,,,
,,,
,,,
,,,
,,,
,,,
,,,
,,,
,,,
,,,
,,,
,,,
,,,
,,,
,,,
,,,
,,,
,,,
,,,
,,,
,,,
,,,
,,,
,,,
,,,
,,,
,,,
,,,
,,,
,,,
,,,
,,,
,,,
,,,
,,,
,,,
,,,
,,,
,,,
,,,
,,,
,,,
,,,
,,,
,,,
,,,
,,,
,,,
,,,
,,,
,,,
,,,
,,,
,,,
,,,
,,,
,,,
,,,
,,,
,,,
,,,
,,,
,,,
,,,
,,,
,,,
,,,
,,,
,,,
,,,
,,,
,,,
,,,
,,,
,,,
,,,
,,,
,,,
,,,
,,,
,,,
,,,
,,,
,,,
,,,
,,,
,,,
,,,
,,,
,,,
,,,
,,,
,,,
,,,
,,,
,,,
,,,
,,,
,,,
,,,
,,,
,,,
,,,
,,,
,,,
,,,
,,,
,,,
,,,
,,,
,,,
,,,
,,,
,,,
,,,
,,,
,,,
,,,
,,,
,,,
,,,
,,,
,,,
,,,
,,,
,,,
,,,
,,,
,,,
,,,
,,,
,,,
,,,
,,,
,,,
,,,
,,,
,,,
,,,
,,,
,,,
,,,
,,,
,,,
,,,
,,,
,,,
,,,
,,,
,,,
,,,
,,,
,,,
,,,
,,,
,,,
,,,
,,,
,,,
,,,
,,,
,,,
,,,
,,,
,,,
,,,
,,,
,,,
,,,
,,,
,,,
,,,
,,,
,,,
,,,
,,,
,,,
,,,
,,,
,,,
,,,
,,,
,,,
,,,
,,,
,,,
,,,
,,,
,,,
,,,
,,,
,,,
,,,
,,,
,,,
,,,
,,,
,,,
,,,
,,,
,,,
,,,
,,,
,,,
,,,
,,,
,,,
,,,
,,,
,,,
,,,
,,,
,,,
,,,
,,,
,,,
,,,
,,,
,,,
,,,
,,,
,,,
,,,
,,,
,,,
,,,
,,,
,,,
,,,
,,,
,,,
,,,
,,,
,,,
,,,
,,,
,,,
,,,
,,,
,,,
,,,
,,,
,,,
,,,
,,,
,,,
,,,
,,,
,,,
,,,
,,,
,,,
,,,
,,,
,,,
,,,
,,,
,,,
,,,
,,,
,,,
,,,
,,,
,,,
,,,
,,,
,,,
,,,
,,,
,,,
,,,
,,,
,,,
,,,
,,,
,,,
,,,
,,,
,,,
,,,
,,,
,,,
,,,
,,,
,,,
,,,
,,,
,,,
,,,
,,,
,,,
,,,
,,,
,,,
,,,
,,,
,,,
,,,
,,,
,,,
,,,
,,,
,,,
,,,
,,,
,,,
,,,
,,,
,,,
,,,
,,,
,,,
,,,
,,,
,,,
,,,
,,,
,,,
,,,
,,,
,,,
,,,
,,,
,,,
,,,
,,,
,,,
,,,
,,,
,,,
,,,
,,,
,,,
,,,
,,,
,,,
,,,
,,,
,,,
,,,
,,,
,,,
,,,
,,,
,,,
,,,
,,,
,,,
,,,
,,,
,,,
,,,
,,,
,,,
,,,
,,,
,,,
,,,
,,,
,,,
,,,
,,,
,,,
,,,
,,,
,,,
,,,
,,,
,,,
,,,
,,,
,,,
,,,
,,,
,,,
,,,
,,,
,,,
,,,
,,,
,,,
,,,
,,,
,,,
,,,
,,,
,,,
,,,
,,,
,,,
,,,
,,,
,,,
,,,
,,,
,,,
,,,
,,,
,,,
,,,
,,,
,,,
,,,
,,,
,,,
,,,
,,,
,,,
,,,
,,,
,,,
,,,
,,,
,,,
,,,
,,,
,,,
,,,
,,,
,,,
,,,
,,,
,,,
,,,
,,,
,,,
,,,
,,,
,,,
,,,
,,,
,,,
,,,
,,,
,,,
,,,
,,,
,,,
,,,
,,,
,,,
,,,
,,,
,,,
,,,
,,,
,,,
,,,
,,,
,,,
,,,
,,,
,,,
,,,
,,,
,,,
,,,
,,,
,,,
,,,
,,,
,,,
,,,
,,,
,,,
,,,
,,,
,,,
,,,
,,,
,,,
,,,
,,,
,,,
,,,
,,,
,,,
,,,
,,,
,,,
,,,
,,,
,,,
,,,
,,,
,,,
,,,
,,,
,,,
,,,
,,,
,,,
,,,
,,,
,,,
,,,
,,,
,,,
,,,
,,,
,,,
,,,
,,,
,,,
,,,
,,,
,,,
,,,
,,,
,,,
,,,
,,,
,,,
,,,
,,,
,,,
,,,
,,,
,,,
,,,
,,,
,,,
,,,
,,,
,,,
,,,
,,,
,,,
,,,
,,,
,,,
,,,
,,,
,,,
,,,
,,,
,,,
,,,
,,,
,,,
,,,
,,,
,,,
,,,
,,,
,,,
,,,
,,,
,,,
,,,
,,,
,,,
,,,
,,,
,,,
,,,
,,,
,,,
,,,
,,,
,,,
,,,
,,,
,,,
,,,
,,,
,,,
,,,
,,,
,,,
,,,
,,,
,,,
,,,
,,,
,,,
,,,
,,,
,,,
,,,
,,,
,,,
,,,
,,,
,,,
,,,
,,,
,,,
,,,
,,,
,,,
,,,
,,,
,,,
,,,
,,,
,,,
,,,
,,,
,,,
,,,
,,,
,,,
,,,
,,,
,,,
,,,
,,,
,,,
,,,
,,,
,,,
,,,
,,,
,,,
,,,
,,,
,,,
,,,
,,,
,,,
,,,
,,,
,,,
,,,
,,,
,,,
,,,
,,,
,,,
,,,
,,,
,,,
,,,
,,,
,,,
,,,
,,,
,,,
,,,
,,,
,,,
,,,
,,,
,,,
,,,
,,,
,,,
,,,
,,,
,,,
,,,
,,,
,,,
,,,
,,,
,,,
,,,
,,,
,,,
,,,
,,,
,,,
,,,
,,,
,,,
,,,
,,,
,,,
,,,
,,,
,,,
,,,
,,,
,,,
,,,
,,,
,,,
,,,
,,,
,,,
,,,
,,,
,,,
,,,
,,,
,,,
,,,
,,,
,,,
,,,
,,,
,,,
,,,
,,,
,,,
,,,
,,,
,,,
,,,
,,,
,,,
,,,
,,,
,,,
,,,
,,,
,,,
,,,
,,,
,,,
,,,
,,,
,,,
,,,
,,,
,,,
,,,
,,,
,,,
,,,
,,,
,,,
,,,
,,,
,,,
,,,
,,,
,,,
,,,
,,,
,,,
,,,
,,,
,,,
,,,
,,,
,,,
,,,
,,,
,,,
,,,
,,,
,,,
,,,
,,,
,,,
,,,
,,,
,,,
,,,
,,,
,,,
,,,
,,,
,,,
,,,
,,,
,,,
,,,
,,,
,,,
,,,
,,,
,,,
,,,
,,,
,,,
,,,
,,,
,,,
,,,
,,,
,,,
,,,
,,,
,,,
,,,
,,,
,,,
,,,
,,,
,,,
,,,
,,,
,,,
,,,
,,,
,,,
,,,
,,,
,,,
,,,
,,,
,,,
,,,
,,,
,,,
,,,
,,,
,,,
,,,
,,,
,,,
,,,
,,,
,,,
,,,
,,,
,,,
,,,
,,,
,,,
,,,
,,,
,,,
,,,
,,,
,,,
,,,
,,,
,,,
,,,
,,,
,,,
,,,
,,,
,,,
,,,
,,,
,,,
,,,
,,,
,,,
,,,
,,,
,,,
,,,
,,,
,,,
,,,
,,,
,,,
,,,
,,,
,,,
,,,
,,,
,,,
,,,
,,,
,,,
,,,
,,,
,,,
,,,
,,,
,,,
,,,
,,,
,,,
,,,
,,,
,,,
,,,
,,,
,,,
,,,
,,,
,,,
,,,
,,,
,,,
,,,
,,,
,,,
,,,
,,,
,,,
,,,
,,,
,,,
,,,
,,,
,,,
,,,
,,,
,,,
,,,
,,,
,,,
,,,
,,,
,,,
,,,
,,,
,,,
,,,
,,,
,,,
,,,
,,,
,,,
,,,
,,,
,,,
,,,
,,,
,,,
,,,
,,,
,,,
,,,
,,,
,,,
,,,
,,,
,,,
,,,
,,,
,,,
,,,
,,,
,,,
,,,
,,,
,,,
,,,
,,,
,,,
,,,
,,,
,,,
,,,
,,,
,,,
,,,
,,,
,,,
,,,
,,,
,,,
,,,
,,,
,,,
,,,
,,,
,,,
,,,
,,,
,,,
,,,
,,,
,,,
,,,
,,,
,,,
,,,
,,,
,,,
,,,
,,,
,,,
,,,
,,,
,,,
,,,
,,,
,,,
,,,
,,,
,,,
,,,
,,,
,,,
,,,
,,,
,,,
,,,
,,,
,,,
,,,
,,,
,,,
,,,
,,,
,,,
,,,
,,,
,,,
,,,
,,,
,,,
,,,
,,,
,,,
,,,
,,,
,,,
,,,
,,,
,,,
,,,
,,,
,,,
,,,
,,,
,,,
,,,
,,,
,,,
,,,
,,,
,,,
,,,
,,,
,,,
,,,
,,,
,,,
,,,
,,,
,,,
,,,
,,,
,,,
,,,
,,,
,,,
,,,
,,,
,,,
,,,
,,,
,,,
,,,
,,,
,,,
,,,
,,,
,,,
,,,
,,,
,,,
,,,
,,,
,,,
,,,
,,,
,,,
,,,
,,,
,,,
,,,
,,,
,,,
,,,
,,,
,,,
,,,
,,,
,,,
,,,
,,,
,,,
,,,
,,,
,,,
,,,
,,,
,,,
,,,
,,,
,,,
,,,
,,,
,,,
,,,
,,,
,,,
,,,
,,,
,,,
,,,
,,,
,,,
,,,
,,,
,,,
,,,
,,,
,,,
,,,
,,,
,,,
,,,
,,,
,,,
,,,
,,,
,,,
,,,
,,,
,,,
,,,
,,,
,,,
,,,
,,,
,,,
,,,
,,,
,,,
,,,
,,,
,,,
,,,
,,,
,,,
,,,
,,,
,,,
,,,
,,,
,,,
,,,
,,,
,,,
,,,
,,,
,,,
,,,
,,,
,,,
,,,
,,,
,,,
,,,
,,,
,,,
,,,
,,,
,,,
,,,
,,,
,,,
,,,
,,,
,,,
,,,
,,,
,,,
,,,
,,,
,,,
,,,
,,,
,,,
,,,
,,,
,,,
,,,
,,,
,,,
,,,
,,,
,,,
,,,
,,,
,,,
,,,
,,,
,,,
,,,
,,,
,,,
,,,
,,,
,,,
,,,
,,,
,,,
,,,
,,,
,,,
,,,
,,,
,,,
,,,
,,,
,,,
,,,
,,,
,,,
,,,
,,,
,,,
,,,
,,,
,,,
,,,
,,,
,,,
,,,
,,,
,,,
,,,
,,,
,,,
,,,
,,,
,,,
,,,
,,,
,,,
,,,
,,,
,,,
,,,
,,,
,,,
,,,
,,,
,,,
,,,
,,,
,,,
,,,
,,,
,,,
,,,
,,,
,,,
,,,
,,,
,,,
,,,
,,,
,,,
,,,
,,,
,,,
,,,
,,,
,,,
,,,
,,,
,,,
,,,
,,,
,,,
,,,
,,,
,,,
,,,
,,,
,,,
,,,
,,,
,,,
,,,
,,,
,,,
,,,
,,,
,,,
,,,
,,,
,,,
,,,
,,,
,,,
,,,
,,,
,,,
,,,
,,,
,,,
,,,
,,,
,,,
,,,
,,,
,,,
,,,
,,,
,,,
,,,
,,,
,,,
,,,
,,,
,,,
,,,
,,,
,,,
,,,
,,,
,,,
,,,
,,,
,,,
,,,
,,,
,,,
,,,
,,,
,,,
,,,
,,,
,,,
,,,
,,,
,,,
,,,
,,,
,,,
,,,
,,,
,,,
,,,
,,,
,,,
,,,
,,,
,,,
,,,
,,,
,,,
,,,
,,,
,,,
,,,
,,,
,,,
,,,
,,,
,,,
,,,
,,,
,,,
,,,
,,,
,,,
,,,
,,,
,,,
,,,
,,,
,,,
,,,
,,,
,,,
,,,
,,,
,,,
,,,
,,,
,,,
,,,
,,,
,,,
,,,
,,,
,,,
,,,
,,,
,,,
,,,
,,,
,,,
,,,
,,,
,,,
,,,
,,,
,,,
,,,
,,,
,,,
,,,
,,,
,,,
,,,
,,,
,,,
,,,
,,,
,,,
,,,
,,,
,,,
,,,
,,,
,,,
,,,
,,,
,,,
,,,
,,,
,,,
,,,
,,,
,,,
,,,
,,,
,,,
,,,
,,,
,,,
,,,
,,,
,,,
,,,
,,,
,,,
,,,
,,,
,,,
,,,
,,,
,,,
,,,
,,,
,,,
,,,
,,,
,,,
,,,
,,,
,,,
,,,
,,,
,,,
,,,
,,,
,,,
,,,
,,,
,,,
,,,
,,,
,,,
,,,
,,,
,,,
,,,
,,,
,,,
,,,
,,,
,,,
,,,
,,,
,,,
